samplename	publiid
Atanassova_a1	1
Atanassova_a2	1
Atanassova_a3	1
Atanassova_a4	1
Atanassova_a5	1
Atanassova_b1	1
Atanassova_b2	1
Atanassova_b3	1
Atanassova_b4	1
Atanassova_b5	1
Atanassova_c1	1
Atanassova_c2	1
Atanassova_c3	1
Atanassova_c4	1
Atanassova_c5	1
Atanassova_d1	1
Atanassova_d2	1
Bakker_b1	2
Barboni_a100	3
Barboni_a101	3
Barboni_a102	3
Barboni_a103	3
Barboni_a104	3
Barboni_a105	3
Barboni_a106	3
Barboni_a107	3
Barboni_a108	3
Barboni_a109	3
Barboni_a110	3
Barboni_a111	3
Barboni_a112	3
Barboni_a113	3
Barboni_a114	3
Barboni_a115	3
Barboni_a116	3
Barboni_a117	3
Barboni_a118	3
Barboni_a119	3
Barboni_a120	3
Barboni_a121	3
Barboni_a122	3
Barboni_a123	3
Barboni_a124	3
Barboni_a125	3
Barboni_a126	3
Barboni_a127	3
Barboni_a1275	4
Barboni_a128	3
Barboni_a129	3
Barboni_a1298	5
Barboni_a1299	5
Barboni_a130	3
Barboni_a1303	6
Barboni_a1304	7
Barboni_a1306	8
Barboni_a1307	8
Barboni_a1308	8
Barboni_a1309	8
Barboni_a1310	8
Barboni_a1311	8
Barboni_a1312	8
Barboni_a1351	9
Barboni_a1370	10
Barboni_a1391	11
Barboni_a1398	8
Barboni_a1404	5
Barboni_a1448	12
Barboni_a1456	8
Barboni_a1457	8
Barboni_a150	13
Barboni_a151	13
Barboni_a152	13
Barboni_a153	13
Barboni_a154	13
Barboni_a186	13
Barboni_a350	14
Barboni_a351	5
Barboni_a352	5
Barboni_a376	14
Barboni_a377	15
Barboni_a380	16
Barboni_a381	14
Barboni_a513	17
Barboni_a514	17
Barboni_a515	17
Barboni_a516	17
Barboni_a517	17
Barboni_a518	17
Barboni_a519	17
Barboni_a520	17
Barboni_a521	17
Barboni_a522	17
Barboni_a523	17
Barboni_a524	17
Barboni_a525	17
Barboni_a526	17
Barboni_a527	17
Barboni_a528	17
Barboni_a529	17
Barboni_a530	17
Barboni_a531	17
Barboni_a532	17
Barboni_a533	17
Barboni_a534	17
Barboni_a535	17
Barboni_a536	17
Barboni_a537	17
Barboni_a538	17
Barboni_a539	17
Barboni_a540	17
Barboni_a541	17
Barboni_a542	17
Barboni_a543	17
Barboni_a544	17
Barboni_a545	17
Barboni_a546	17
Barboni_a547	17
Barboni_a548	17
Barboni_a549	17
Barboni_a550	17
Barboni_a551	17
Barboni_a552	17
Barboni_a553	17
Barboni_a554	17
Barboni_a555	17
Barboni_a556	17
Barboni_a557	17
Barboni_a558	17
Barboni_a559	17
Barboni_a560	17
Barboni_a561	17
Barboni_a562	17
Barboni_a563	17
Barboni_a564	17
Barboni_a565	17
Barboni_a566	17
Barboni_a567	17
Barboni_a568	17
Barboni_a569	17
Barboni_a570	17
Barboni_a571	17
Barboni_a572	17
Barboni_a573	17
Barboni_a574	17
Barboni_a575	17
Barboni_a576	17
Barboni_a577	17
Barboni_a578	17
Barboni_a579	17
Barboni_a580	17
Barboni_a581	17
Barboni_a582	17
Barboni_a583	17
Barboni_a584	17
Barboni_a585	17
Barboni_a586	17
Barboni_a587	17
Barboni_a588	17
Barboni_a589	17
Barboni_a590	17
Barboni_a591	17
Barboni_a592	17
Barboni_a593	17
Barboni_a594	17
Barboni_a595	17
Barboni_a596	17
Barboni_a597	17
Barboni_a598	17
Barboni_a599	17
Barboni_a600	17
Barboni_a601	17
Barboni_a602	17
Barboni_a603	17
Barboni_a604	17
Barboni_a605	17
Barboni_a606	17
Barboni_a607	17
Barboni_a608	17
Barboni_a609	17
Barboni_a610	17
Barboni_a611	17
Barboni_a612	17
Barboni_a613	17
Barboni_a614	17
Barboni_a615	17
Barboni_a616	17
Barboni_a617	17
Barboni_a618	17
Barboni_a619	17
Barboni_a620	17
Barboni_a621	18
Barboni_a622	18
Barboni_a623	18
Barboni_a624	18
Barboni_a625	18
Barboni_a626	18
Barboni_a627	18
Barboni_a628	18
Barboni_a629	18
Barboni_a630	18
Barboni_a631	18
Barboni_a632	18
Barboni_a633	18
Barboni_a634	18
Barboni_a635	18
Barboni_a636	18
Barboni_a637	18
Barboni_a638	18
Barboni_a639	18
Barboni_a640	18
Barboni_a641	18
Barboni_a642	18
Barboni_a643	18
Barboni_a644	18
Barboni_a645	18
Barboni_a646	18
Barboni_a647	18
Barboni_a648	18
Barboni_a649	18
Barboni_a650	18
Barboni_a651	18
Barboni_a652	18
Barboni_a653	18
Barboni_a654	18
Barboni_a655	18
Barboni_a656	18
Barboni_a657	18
Barboni_a658	18
Barboni_a659	18
Barboni_a660	18
Barboni_a661	18
Barboni_a662	18
Barboni_a663	18
Barboni_a664	18
Barboni_a665	18
Barboni_a666	18
Barboni_a667	18
Barboni_a668	18
Barboni_a669	18
Barboni_a670	18
Barboni_a671	18
Barboni_a672	18
Barboni_a673	18
Barboni_a674	18
Barboni_a675	18
Barboni_a676	18
Barboni_a677	18
Barboni_a678	18
Barboni_a679	18
Barboni_a680	18
Barboni_a681	18
Barboni_a682	18
Barboni_a683	18
Barboni_a684	18
Barboni_a685	18
Barboni_a686	18
Barboni_a687	18
Barboni_a688	18
Barboni_a689	18
Barboni_a690	18
Barboni_a691	18
Barboni_a692	18
Barboni_a693	18
Barboni_a694	18
Barboni_a695	18
Barboni_a696	18
Barboni_a697	18
Barboni_a698	18
Barboni_a699	18
Barboni_a700	18
Barboni_a701	18
Barboni_a702	18
Barboni_a703	18
Barboni_a704	18
Barboni_a705	18
Barboni_a706	5
Barboni_a754	19
Barboni_a760	8
Barboni_a761	8
Barboni_a762	20
Barboni_a763	21
Barboni_a769	14
Barboni_a770	22
Barboni_a771	22
Barboni_a772	22
Barboni_a773	22
Barboni_a774	22
Barboni_a775	22
Barboni_a776	22
Barboni_a777	22
Barboni_a778	22
Barboni_a779	22
Barboni_a780	22
Barboni_a781	22
Barboni_a782	22
Barboni_a783	22
Barboni_a784	22
Barboni_a785	22
Barboni_a786	22
Barboni_a787	22
Barboni_a788	23
Barboni_a811	8
Barboni_a812	8
Barboni_a813	8
Barboni_a814	8
Barboni_a816	8
Barboni_a817	8
Barboni_a818	8
Barboni_a924	8
Barboni_a925	8
Barboni_a928	24
Barboni_a93	3
Barboni_a931	25
Barboni_a933	26
Barboni_a934	8
Barboni_a935	8
Barboni_a936	8
Barboni_a937	8
Barboni_a938	8
Barboni_a939	8
Barboni_a94	3
Barboni_a940	8
Barboni_a941	8
Barboni_a942	8
Barboni_a943	27
Barboni_a944	28
Barboni_a945	29
Barboni_a947	8
Barboni_a95	3
Barboni_a96	3
Barboni_a97	3
Barboni_a98	3
Barboni_a99	3
Bjune_a1	30
Bjune_a10	30
Bjune_a100	30
Bjune_a101	30
Bjune_a102	30
Bjune_a103	30
Bjune_a104	30
Bjune_a105	30
Bjune_a106	30
Bjune_a107	30
Bjune_a108	30
Bjune_a109	30
Bjune_a11	30
Bjune_a110	30
Bjune_a111	30
Bjune_a112	30
Bjune_a113	30
Bjune_a114	30
Bjune_a115	30
Bjune_a116	30
Bjune_a117	30
Bjune_a118	30
Bjune_a119	30
Bjune_a12	30
Bjune_a120	30
Bjune_a121	30
Bjune_a122	30
Bjune_a123	30
Bjune_a124	30
Bjune_a125	30
Bjune_a126	30
Bjune_a127	30
Bjune_a128	30
Bjune_a129	30
Bjune_a13	30
Bjune_a130	30
Bjune_a131	30
Bjune_a132	30
Bjune_a133	30
Bjune_a134	30
Bjune_a135	30
Bjune_a136	30
Bjune_a137	30
Bjune_a138	30
Bjune_a139	30
Bjune_a14	30
Bjune_a140	30
Bjune_a141	30
Bjune_a142	30
Bjune_a143	30
Bjune_a144	30
Bjune_a145	30
Bjune_a146	30
Bjune_a147	30
Bjune_a148	30
Bjune_a149	30
Bjune_a15	30
Bjune_a150	30
Bjune_a151	30
Bjune_a152	30
Bjune_a153	30
Bjune_a154	30
Bjune_a155	30
Bjune_a156	30
Bjune_a157	30
Bjune_a158	30
Bjune_a159	30
Bjune_a16	30
Bjune_a160	30
Bjune_a161	30
Bjune_a162	30
Bjune_a163	30
Bjune_a164	30
Bjune_a165	30
Bjune_a166	30
Bjune_a167	30
Bjune_a168	30
Bjune_a169	30
Bjune_a17	30
Bjune_a170	30
Bjune_a171	30
Bjune_a172	30
Bjune_a173	30
Bjune_a174	30
Bjune_a175	30
Bjune_a176	30
Bjune_a177	30
Bjune_a178	30
Bjune_a179	30
Bjune_a18	30
Bjune_a180	30
Bjune_a181	30
Bjune_a182	30
Bjune_a183	30
Bjune_a184	30
Bjune_a185	30
Bjune_a186	30
Bjune_a187	30
Bjune_a188	30
Bjune_a189	30
Bjune_a19	30
Bjune_a190	30
Bjune_a191	30
Bjune_a192	30
Bjune_a193	30
Bjune_a194	30
Bjune_a195	30
Bjune_a196	30
Bjune_a197	30
Bjune_a198	30
Bjune_a199	30
Bjune_a2	30
Bjune_a20	30
Bjune_a200	30
Bjune_a201	30
Bjune_a202	30
Bjune_a203	30
Bjune_a204	30
Bjune_a205	30
Bjune_a206	30
Bjune_a207	30
Bjune_a208	30
Bjune_a209	30
Bjune_a21	30
Bjune_a210	30
Bjune_a211	30
Bjune_a212	30
Bjune_a213	30
Bjune_a214	30
Bjune_a215	30
Bjune_a216	30
Bjune_a217	30
Bjune_a218	30
Bjune_a219	30
Bjune_a22	30
Bjune_a220	30
Bjune_a221	30
Bjune_a222	30
Bjune_a223	30
Bjune_a224	30
Bjune_a225	30
Bjune_a226	30
Bjune_a227	30
Bjune_a228	30
Bjune_a229	30
Bjune_a23	30
Bjune_a230	30
Bjune_a231	30
Bjune_a232	30
Bjune_a233	30
Bjune_a234	30
Bjune_a235	30
Bjune_a236	30
Bjune_a237	30
Bjune_a238	30
Bjune_a239	30
Bjune_a24	30
Bjune_a240	30
Bjune_a241	30
Bjune_a242	30
Bjune_a243	30
Bjune_a244	30
Bjune_a245	30
Bjune_a246	30
Bjune_a247	30
Bjune_a248	30
Bjune_a249	30
Bjune_a25	30
Bjune_a250	30
Bjune_a251	30
Bjune_a252	30
Bjune_a253	30
Bjune_a254	30
Bjune_a255	30
Bjune_a256	30
Bjune_a257	30
Bjune_a258	30
Bjune_a259	30
Bjune_a26	30
Bjune_a260	30
Bjune_a261	30
Bjune_a262	30
Bjune_a263	30
Bjune_a264	30
Bjune_a265	30
Bjune_a266	30
Bjune_a267	30
Bjune_a268	30
Bjune_a269	30
Bjune_a27	30
Bjune_a270	30
Bjune_a271	30
Bjune_a272	30
Bjune_a273	30
Bjune_a274	30
Bjune_a275	30
Bjune_a276	30
Bjune_a277	30
Bjune_a278	30
Bjune_a279	30
Bjune_a28	30
Bjune_a280	30
Bjune_a281	30
Bjune_a282	30
Bjune_a283	30
Bjune_a284	30
Bjune_a285	30
Bjune_a286	30
Bjune_a287	30
Bjune_a288	30
Bjune_a289	30
Bjune_a29	30
Bjune_a290	30
Bjune_a291	30
Bjune_a292	30
Bjune_a293	30
Bjune_a294	30
Bjune_a295	30
Bjune_a296	30
Bjune_a297	30
Bjune_a298	30
Bjune_a299	30
Bjune_a3	30
Bjune_a30	30
Bjune_a300	30
Bjune_a301	30
Bjune_a302	30
Bjune_a303	30
Bjune_a304	30
Bjune_a305	30
Bjune_a306	30
Bjune_a307	30
Bjune_a308	30
Bjune_a309	30
Bjune_a31	30
Bjune_a310	30
Bjune_a311	30
Bjune_a312	30
Bjune_a313	30
Bjune_a314	30
Bjune_a315	30
Bjune_a316	30
Bjune_a317	30
Bjune_a318	30
Bjune_a319	30
Bjune_a32	30
Bjune_a320	30
Bjune_a321	30
Bjune_a33	30
Bjune_a34	30
Bjune_a35	30
Bjune_a36	30
Bjune_a37	30
Bjune_a38	30
Bjune_a39	30
Bjune_a4	30
Bjune_a40	30
Bjune_a41	30
Bjune_a42	30
Bjune_a43	30
Bjune_a44	30
Bjune_a45	30
Bjune_a46	30
Bjune_a47	30
Bjune_a48	30
Bjune_a49	30
Bjune_a5	30
Bjune_a50	30
Bjune_a51	30
Bjune_a52	30
Bjune_a53	30
Bjune_a54	30
Bjune_a55	30
Bjune_a56	30
Bjune_a57	30
Bjune_a58	30
Bjune_a59	30
Bjune_a6	30
Bjune_a60	30
Bjune_a61	30
Bjune_a62	30
Bjune_a63	30
Bjune_a64	30
Bjune_a65	30
Bjune_a66	30
Bjune_a67	30
Bjune_a68	30
Bjune_a69	30
Bjune_a7	30
Bjune_a70	30
Bjune_a71	30
Bjune_a72	30
Bjune_a73	30
Bjune_a74	30
Bjune_a75	30
Bjune_a76	30
Bjune_a77	30
Bjune_a78	30
Bjune_a79	30
Bjune_a8	30
Bjune_a80	30
Bjune_a81	30
Bjune_a82	30
Bjune_a83	30
Bjune_a84	30
Bjune_a85	30
Bjune_a86	30
Bjune_a87	30
Bjune_a88	30
Bjune_a89	30
Bjune_a9	30
Bjune_a90	30
Bjune_a91	30
Bjune_a92	30
Bjune_a93	30
Bjune_a94	30
Bjune_a95	30
Bjune_a96	30
Bjune_a97	30
Bjune_a98	30
Bjune_a99	30
Bunting_b1	31
Bunting_b10	31
Bunting_b11	31
Bunting_b2	31
Bunting_b3	31
Bunting_b4	31
Bunting_b5	31
Bunting_b6	31
Bunting_b7	31
Bunting_b8	31
Bunting_b9	31
Connor_a1	32
Connor_a10	32
Connor_a11	32
Connor_a12	32
Connor_a13	32
Connor_a14	32
Connor_a15	32
Connor_a16	32
Connor_a17	33
Connor_a18	33
Connor_a19	33
Connor_a2	32
Connor_a20	33
Connor_a21	33
Connor_a22	33
Connor_a23	33
Connor_a24	33
Connor_a25	33
Connor_a26	33
Connor_a27	33
Connor_a28	33
Connor_a29	33
Connor_a3	32
Connor_a30	33
Connor_a31	33
Connor_a32	33
Connor_a33	33
Connor_a34	33
Connor_a35	33
Connor_a36	33
Connor_a37	33
Connor_a38	33
Connor_a39	33
Connor_a4	32
Connor_a40	33
Connor_a41	33
Connor_a42	33
Connor_a43	33
Connor_a44	33
Connor_a45	33
Connor_a5	32
Connor_a6	32
Connor_a7	32
Connor_a8	32
Connor_a9	32
Connor_b1	34
Connor_b10	34
Connor_b11	34
Connor_b12	34
Connor_b2	34
Connor_b3	34
Connor_b4	34
Connor_b5	34
Connor_b6	34
Connor_b7	34
Connor_b8	34
Connor_b9	34
Connor_c1	35
Connor_d1	36
Connor_e1	37
Connor_e2	37
Dambach_a1	38
Dambach_a10	38
Dambach_a100	38
Dambach_a101	38
Dambach_a102	38
Dambach_a103	38
Dambach_a104	38
Dambach_a105	38
Dambach_a106	38
Dambach_a107	38
Dambach_a108	38
Dambach_a109	38
Dambach_a11	38
Dambach_a110	38
Dambach_a111	38
Dambach_a112	38
Dambach_a113	38
Dambach_a114	38
Dambach_a115	38
Dambach_a116	38
Dambach_a117	38
Dambach_a118	38
Dambach_a119	38
Dambach_a12	38
Dambach_a120	38
Dambach_a121	38
Dambach_a122	38
Dambach_a123	38
Dambach_a124	38
Dambach_a125	38
Dambach_a126	38
Dambach_a127	38
Dambach_a128	38
Dambach_a129	38
Dambach_a13	38
Dambach_a130	38
Dambach_a131	38
Dambach_a132	38
Dambach_a133	38
Dambach_a134	38
Dambach_a135	38
Dambach_a136	38
Dambach_a137	38
Dambach_a138	38
Dambach_a139	38
Dambach_a14	38
Dambach_a140	38
Dambach_a141	38
Dambach_a142	38
Dambach_a143	38
Dambach_a144	38
Dambach_a145	38
Dambach_a146	38
Dambach_a147	38
Dambach_a148	38
Dambach_a149	38
Dambach_a15	38
Dambach_a150	38
Dambach_a151	38
Dambach_a152	38
Dambach_a153	38
Dambach_a154	38
Dambach_a155	38
Dambach_a156	38
Dambach_a157	38
Dambach_a158	38
Dambach_a159	38
Dambach_a16	38
Dambach_a160	38
Dambach_a161	38
Dambach_a162	38
Dambach_a163	38
Dambach_a164	38
Dambach_a165	38
Dambach_a166	38
Dambach_a167	38
Dambach_a168	38
Dambach_a169	38
Dambach_a17	38
Dambach_a170	38
Dambach_a171	38
Dambach_a172	38
Dambach_a173	38
Dambach_a174	38
Dambach_a175	38
Dambach_a176	38
Dambach_a177	38
Dambach_a178	38
Dambach_a179	38
Dambach_a18	38
Dambach_a180	38
Dambach_a181	38
Dambach_a182	38
Dambach_a183	38
Dambach_a184	38
Dambach_a185	38
Dambach_a186	38
Dambach_a187	38
Dambach_a188	38
Dambach_a189	38
Dambach_a19	38
Dambach_a190	38
Dambach_a191	38
Dambach_a192	38
Dambach_a193	38
Dambach_a194	38
Dambach_a195	38
Dambach_a196	38
Dambach_a197	38
Dambach_a198	38
Dambach_a199	38
Dambach_a2	38
Dambach_a20	38
Dambach_a200	38
Dambach_a201	38
Dambach_a202	38
Dambach_a203	38
Dambach_a204	38
Dambach_a205	38
Dambach_a206	38
Dambach_a207	38
Dambach_a208	38
Dambach_a209	38
Dambach_a21	38
Dambach_a210	38
Dambach_a211	38
Dambach_a212	38
Dambach_a213	38
Dambach_a214	38
Dambach_a215	38
Dambach_a216	38
Dambach_a217	38
Dambach_a218	38
Dambach_a219	38
Dambach_a22	38
Dambach_a220	38
Dambach_a221	38
Dambach_a222	38
Dambach_a223	38
Dambach_a224	38
Dambach_a225	38
Dambach_a226	38
Dambach_a227	38
Dambach_a228	38
Dambach_a229	38
Dambach_a23	38
Dambach_a230	38
Dambach_a231	38
Dambach_a232	38
Dambach_a233	38
Dambach_a234	38
Dambach_a235	38
Dambach_a236	38
Dambach_a237	38
Dambach_a238	38
Dambach_a239	38
Dambach_a24	38
Dambach_a240	38
Dambach_a241	38
Dambach_a242	38
Dambach_a243	38
Dambach_a244	38
Dambach_a245	38
Dambach_a246	38
Dambach_a247	38
Dambach_a248	38
Dambach_a249	38
Dambach_a25	38
Dambach_a250	38
Dambach_a251	38
Dambach_a252	38
Dambach_a253	38
Dambach_a254	38
Dambach_a255	38
Dambach_a256	38
Dambach_a257	38
Dambach_a258	38
Dambach_a259	38
Dambach_a26	38
Dambach_a260	38
Dambach_a261	38
Dambach_a262	38
Dambach_a263	38
Dambach_a264	38
Dambach_a265	38
Dambach_a266	38
Dambach_a267	38
Dambach_a268	38
Dambach_a269	38
Dambach_a27	38
Dambach_a270	38
Dambach_a271	38
Dambach_a272	38
Dambach_a273	38
Dambach_a274	38
Dambach_a275	38
Dambach_a276	38
Dambach_a277	38
Dambach_a278	38
Dambach_a279	38
Dambach_a28	38
Dambach_a280	38
Dambach_a281	38
Dambach_a282	38
Dambach_a283	38
Dambach_a284	38
Dambach_a285	38
Dambach_a286	38
Dambach_a287	38
Dambach_a288	38
Dambach_a289	38
Dambach_a29	38
Dambach_a290	38
Dambach_a291	38
Dambach_a292	38
Dambach_a293	38
Dambach_a294	38
Dambach_a295	38
Dambach_a296	38
Dambach_a297	38
Dambach_a298	38
Dambach_a299	38
Dambach_a3	38
Dambach_a30	38
Dambach_a300	38
Dambach_a301	38
Dambach_a302	38
Dambach_a303	38
Dambach_a304	38
Dambach_a305	38
Dambach_a306	38
Dambach_a307	38
Dambach_a308	38
Dambach_a309	38
Dambach_a31	38
Dambach_a310	38
Dambach_a311	38
Dambach_a312	38
Dambach_a313	38
Dambach_a314	38
Dambach_a315	38
Dambach_a316	38
Dambach_a317	38
Dambach_a318	38
Dambach_a319	38
Dambach_a32	38
Dambach_a320	38
Dambach_a321	38
Dambach_a322	38
Dambach_a323	38
Dambach_a324	38
Dambach_a325	38
Dambach_a326	38
Dambach_a327	38
Dambach_a328	38
Dambach_a329	38
Dambach_a33	38
Dambach_a330	38
Dambach_a331	38
Dambach_a332	38
Dambach_a333	38
Dambach_a334	38
Dambach_a335	38
Dambach_a336	38
Dambach_a337	38
Dambach_a338	38
Dambach_a339	38
Dambach_a34	38
Dambach_a340	38
Dambach_a341	38
Dambach_a342	38
Dambach_a343	38
Dambach_a344	38
Dambach_a345	38
Dambach_a346	38
Dambach_a347	38
Dambach_a348	38
Dambach_a349	38
Dambach_a35	38
Dambach_a350	38
Dambach_a351	38
Dambach_a352	38
Dambach_a353	38
Dambach_a354	38
Dambach_a355	38
Dambach_a356	38
Dambach_a357	38
Dambach_a358	38
Dambach_a359	38
Dambach_a36	38
Dambach_a360	38
Dambach_a361	38
Dambach_a362	38
Dambach_a363	38
Dambach_a364	38
Dambach_a365	38
Dambach_a366	38
Dambach_a367	38
Dambach_a368	38
Dambach_a369	38
Dambach_a37	38
Dambach_a370	38
Dambach_a371	38
Dambach_a372	38
Dambach_a373	38
Dambach_a374	38
Dambach_a375	38
Dambach_a376	38
Dambach_a377	38
Dambach_a378	38
Dambach_a379	38
Dambach_a38	38
Dambach_a380	38
Dambach_a381	38
Dambach_a382	38
Dambach_a383	38
Dambach_a384	38
Dambach_a385	38
Dambach_a386	38
Dambach_a387	38
Dambach_a388	38
Dambach_a389	38
Dambach_a39	38
Dambach_a390	38
Dambach_a391	38
Dambach_a392	38
Dambach_a393	38
Dambach_a394	38
Dambach_a395	38
Dambach_a396	38
Dambach_a397	38
Dambach_a398	38
Dambach_a399	38
Dambach_a4	38
Dambach_a40	38
Dambach_a400	38
Dambach_a401	38
Dambach_a402	38
Dambach_a403	38
Dambach_a404	38
Dambach_a405	38
Dambach_a406	38
Dambach_a407	38
Dambach_a408	38
Dambach_a409	38
Dambach_a41	38
Dambach_a410	38
Dambach_a411	38
Dambach_a412	38
Dambach_a413	38
Dambach_a414	38
Dambach_a415	38
Dambach_a416	38
Dambach_a417	38
Dambach_a418	38
Dambach_a419	38
Dambach_a42	38
Dambach_a420	38
Dambach_a421	38
Dambach_a422	38
Dambach_a423	38
Dambach_a424	38
Dambach_a425	38
Dambach_a426	38
Dambach_a427	38
Dambach_a428	38
Dambach_a429	38
Dambach_a43	38
Dambach_a430	38
Dambach_a431	38
Dambach_a432	38
Dambach_a433	38
Dambach_a434	38
Dambach_a435	38
Dambach_a436	38
Dambach_a437	38
Dambach_a438	38
Dambach_a439	38
Dambach_a44	38
Dambach_a440	38
Dambach_a441	38
Dambach_a442	38
Dambach_a443	38
Dambach_a444	38
Dambach_a445	38
Dambach_a446	38
Dambach_a447	38
Dambach_a45	38
Dambach_a46	38
Dambach_a47	38
Dambach_a48	38
Dambach_a49	38
Dambach_a5	38
Dambach_a50	38
Dambach_a51	38
Dambach_a52	38
Dambach_a53	38
Dambach_a54	38
Dambach_a55	38
Dambach_a56	38
Dambach_a57	38
Dambach_a58	38
Dambach_a59	38
Dambach_a6	38
Dambach_a60	38
Dambach_a61	38
Dambach_a62	38
Dambach_a63	38
Dambach_a64	38
Dambach_a65	38
Dambach_a66	38
Dambach_a67	38
Dambach_a68	38
Dambach_a69	38
Dambach_a7	38
Dambach_a70	38
Dambach_a71	38
Dambach_a72	38
Dambach_a73	38
Dambach_a74	38
Dambach_a75	38
Dambach_a76	38
Dambach_a77	38
Dambach_a78	38
Dambach_a79	38
Dambach_a8	38
Dambach_a80	38
Dambach_a81	38
Dambach_a82	38
Dambach_a83	38
Dambach_a84	38
Dambach_a85	38
Dambach_a86	38
Dambach_a87	38
Dambach_a88	38
Dambach_a89	38
Dambach_a9	38
Dambach_a90	38
Dambach_a91	38
Dambach_a92	38
Dambach_a93	38
Dambach_a94	38
Dambach_a95	38
Dambach_a96	38
Dambach_a97	38
Dambach_a98	38
Dambach_a99	38
EPDcoretop_E1	39
EPDcoretop_E1000	40
EPDcoretop_E1000	329
EPDcoretop_E1001	41
EPDcoretop_E1001	330
EPDcoretop_E1007	42
EPDcoretop_E1008	43
EPDcoretop_E101	44
EPDcoretop_E1022	45
EPDcoretop_E1022	331
EPDcoretop_E1024	46
EPDcoretop_E1026	47
EPDcoretop_E1027	47
EPDcoretop_E1027	332
EPDcoretop_E1028	48
EPDcoretop_E1031	49
EPDcoretop_E1031	333
EPDcoretop_E1033	50
EPDcoretop_E1033	334
EPDcoretop_E1034	51
EPDcoretop_E1034	335
EPDcoretop_E1035	51
EPDcoretop_E1035	335
EPDcoretop_E1036	50
EPDcoretop_E1036	334
EPDcoretop_E1037	52
EPDcoretop_E1037	336
EPDcoretop_E1041	53
EPDcoretop_E1041	337
EPDcoretop_E1043	54
EPDcoretop_E1048	55
EPDcoretop_E1052	56
EPDcoretop_E1055	57
EPDcoretop_E1055	338
EPDcoretop_E1056	57
EPDcoretop_E1056	339
EPDcoretop_E1059	57
EPDcoretop_E1059	338
EPDcoretop_E1060	58
EPDcoretop_E1061	57
EPDcoretop_E1061	340
EPDcoretop_E1062	57
EPDcoretop_E1062	341
EPDcoretop_E1063	59
EPDcoretop_E1064	60
EPDcoretop_E1064	339
EPDcoretop_E1065	61
EPDcoretop_E1066	57
EPDcoretop_E1072	57
EPDcoretop_E1075	62
EPDcoretop_E1079	60
EPDcoretop_E1079	65
EPDcoretop_E1084	57
EPDcoretop_E1084	342
EPDcoretop_E1089	63
EPDcoretop_E1089	343
EPDcoretop_E1090	57
EPDcoretop_E1091	57
EPDcoretop_E1092	60
EPDcoretop_E1092	339
EPDcoretop_E1093	57
EPDcoretop_E1095	60
EPDcoretop_E1095	339
EPDcoretop_E1097	57
EPDcoretop_E1098	57
EPDcoretop_E1100	63
EPDcoretop_E1102	61
EPDcoretop_E1102	339
EPDcoretop_E1107	64
EPDcoretop_E1107	344
EPDcoretop_E1108	57
EPDcoretop_E1109	65
EPDcoretop_E1121	57
EPDcoretop_E1122	57
EPDcoretop_E1122	339
EPDcoretop_E113	66
EPDcoretop_E1134	67
EPDcoretop_E1135	67
EPDcoretop_E1138	68
EPDcoretop_E1138	345
EPDcoretop_E1142	60
EPDcoretop_E1142	339
EPDcoretop_E1143	57
EPDcoretop_E1146	60
EPDcoretop_E1146	339
EPDcoretop_E1149	57
EPDcoretop_E1149	346
EPDcoretop_E1151	57
EPDcoretop_E1151	347
EPDcoretop_E1153	63
EPDcoretop_E1155	57
EPDcoretop_E1157	57
EPDcoretop_E1157	348
EPDcoretop_E1158	57
EPDcoretop_E1159	69
EPDcoretop_E1160	60
EPDcoretop_E1160	65
EPDcoretop_E1161	60
EPDcoretop_E1161	339
EPDcoretop_E1166	57
EPDcoretop_E1167	70
EPDcoretop_E1169	60
EPDcoretop_E1169	339
EPDcoretop_E1170	60
EPDcoretop_E1170	339
EPDcoretop_E1176	71
EPDcoretop_E1176	349
EPDcoretop_E1178	72
EPDcoretop_E1178	350
EPDcoretop_E1179	72
EPDcoretop_E1179	350
EPDcoretop_E118	73
EPDcoretop_E118	351
EPDcoretop_E1180	74
EPDcoretop_E1184	74
EPDcoretop_E1189	75
EPDcoretop_E1193	76
EPDcoretop_E1194	76
EPDcoretop_E1195	76
EPDcoretop_E1196	76
EPDcoretop_E1197	76
EPDcoretop_E1198	77
EPDcoretop_E1199	77
EPDcoretop_E1200	77
EPDcoretop_E1201	77
EPDcoretop_E1202	78
EPDcoretop_E1213	79
EPDcoretop_E1214	80
EPDcoretop_E1216	81
EPDcoretop_E1216	352
EPDcoretop_E122	82
EPDcoretop_E122	353
EPDcoretop_E1227	60
EPDcoretop_E1232	83
EPDcoretop_E125	84
EPDcoretop_E125	354
EPDcoretop_E1257	85
EPDcoretop_E1257	355
EPDcoretop_E1258	85
EPDcoretop_E1258	356
EPDcoretop_E1259	86
EPDcoretop_E1265	87
EPDcoretop_E1267	88
EPDcoretop_E1268	88
EPDcoretop_E1268	357
EPDcoretop_E1272	88
EPDcoretop_E1273	88
EPDcoretop_E1275	89
EPDcoretop_E1279	90
EPDcoretop_E1279	358
EPDcoretop_E1283	91
EPDcoretop_E1285	92
EPDcoretop_E1287	93
EPDcoretop_E1289	94
EPDcoretop_E1289	359
EPDcoretop_E1292	95
EPDcoretop_E1299	96
EPDcoretop_E1327	97
EPDcoretop_E1328	97
EPDcoretop_E133	98
EPDcoretop_E1330	97
EPDcoretop_E1344	99
EPDcoretop_E1345	100
EPDcoretop_E1345	360
EPDcoretop_E1349	101
EPDcoretop_E1355	102
EPDcoretop_E1355	361
EPDcoretop_E1356	102
EPDcoretop_E1356	361
EPDcoretop_E1369	103
EPDcoretop_E1390	104
EPDcoretop_E1390	362
EPDcoretop_E158	105
EPDcoretop_E159	106
EPDcoretop_E159	363
EPDcoretop_E17	107
EPDcoretop_E18	108
EPDcoretop_E18	364
EPDcoretop_E195	109
EPDcoretop_E196	110
EPDcoretop_E2	111
EPDcoretop_E200	112
EPDcoretop_E203	113
EPDcoretop_E207	114
EPDcoretop_E207	365
EPDcoretop_E208	115
EPDcoretop_E221	116
EPDcoretop_E224	117
EPDcoretop_E224	366
EPDcoretop_E226	118
EPDcoretop_E227	119
EPDcoretop_E229	120
EPDcoretop_E229	114
EPDcoretop_E230	120
EPDcoretop_E230	114
EPDcoretop_E232	121
EPDcoretop_E234	122
EPDcoretop_E237	121
EPDcoretop_E24	123
EPDcoretop_E240	124
EPDcoretop_E242	115
EPDcoretop_E243	125
EPDcoretop_E25	126
EPDcoretop_E25	367
EPDcoretop_E262	127
EPDcoretop_E262	368
EPDcoretop_E273	128
EPDcoretop_E273	369
EPDcoretop_E28	108
EPDcoretop_E28	364
EPDcoretop_E284	129
EPDcoretop_E289	130
EPDcoretop_E289	370
EPDcoretop_E295	131
EPDcoretop_E297	132
EPDcoretop_E3	120
EPDcoretop_E3	114
EPDcoretop_E302	133
EPDcoretop_E302	371
EPDcoretop_E305	134
EPDcoretop_E310	134
EPDcoretop_E311	134
EPDcoretop_E315	135
EPDcoretop_E316	136
EPDcoretop_E318	137
EPDcoretop_E319	138
EPDcoretop_E320	139
EPDcoretop_E323	140
EPDcoretop_E323	372
EPDcoretop_E326	39
EPDcoretop_E327	141
EPDcoretop_E33	142
EPDcoretop_E33	150
EPDcoretop_E330	131
EPDcoretop_E330	373
EPDcoretop_E333	136
EPDcoretop_E334	143
EPDcoretop_E334	374
EPDcoretop_E338	144
EPDcoretop_E344	145
EPDcoretop_E35	108
EPDcoretop_E35	375
EPDcoretop_E351	146
EPDcoretop_E352	147
EPDcoretop_E353	147
EPDcoretop_E359	148
EPDcoretop_E36	108
EPDcoretop_E36	375
EPDcoretop_E363	149
EPDcoretop_E366	150
EPDcoretop_E37	151
EPDcoretop_E372	152
EPDcoretop_E375	153
EPDcoretop_E379	58
EPDcoretop_E38	154
EPDcoretop_E382	155
EPDcoretop_E39	151
EPDcoretop_E391	156
EPDcoretop_E4	157
EPDcoretop_E400	158
EPDcoretop_E400	376
EPDcoretop_E403	82
EPDcoretop_E403	353
EPDcoretop_E404	159
EPDcoretop_E404	377
EPDcoretop_E407	160
EPDcoretop_E427	161
EPDcoretop_E427	378
EPDcoretop_E434	162
EPDcoretop_E436	163
EPDcoretop_E436	379
EPDcoretop_E44	150
EPDcoretop_E44	380
EPDcoretop_E443	141
EPDcoretop_E447	164
EPDcoretop_E453	165
EPDcoretop_E456	166
EPDcoretop_E456	381
EPDcoretop_E459	149
EPDcoretop_E462	167
EPDcoretop_E462	382
EPDcoretop_E465	168
EPDcoretop_E465	383
EPDcoretop_E47	169
EPDcoretop_E47	384
EPDcoretop_E479	170
EPDcoretop_E482	171
EPDcoretop_E495	172
EPDcoretop_E495	385
EPDcoretop_E496	172
EPDcoretop_E496	385
EPDcoretop_E499	113
EPDcoretop_E5	173
EPDcoretop_E503	174
EPDcoretop_E504	175
EPDcoretop_E510	176
EPDcoretop_E513	177
EPDcoretop_E515	113
EPDcoretop_E517	113
EPDcoretop_E52	178
EPDcoretop_E52	386
EPDcoretop_E535	179
EPDcoretop_E536	180
EPDcoretop_E536	387
EPDcoretop_E537	181
EPDcoretop_E540	182
EPDcoretop_E541	183
EPDcoretop_E542	82
EPDcoretop_E542	353
EPDcoretop_E549	184
EPDcoretop_E551	181
EPDcoretop_E553	185
EPDcoretop_E553	388
EPDcoretop_E554	185
EPDcoretop_E554	389
EPDcoretop_E555	186
EPDcoretop_E555	390
EPDcoretop_E560	130
EPDcoretop_E560	391
EPDcoretop_E562	187
EPDcoretop_E562	392
EPDcoretop_E567	188
EPDcoretop_E568	189
EPDcoretop_E574	190
EPDcoretop_E574	393
EPDcoretop_E575	191
EPDcoretop_E575	392
EPDcoretop_E578	192
EPDcoretop_E584	141
EPDcoretop_E586	39
EPDcoretop_E589	193
EPDcoretop_E59	58
EPDcoretop_E590	194
EPDcoretop_E590	208
EPDcoretop_E593	58
EPDcoretop_E6	195
EPDcoretop_E605	196
EPDcoretop_E606	197
EPDcoretop_E609	198
EPDcoretop_E611	138
EPDcoretop_E612	141
EPDcoretop_E614	199
EPDcoretop_E619	200
EPDcoretop_E619	394
EPDcoretop_E622	201
EPDcoretop_E625	202
EPDcoretop_E625	395
EPDcoretop_E631	174
EPDcoretop_E635	203
EPDcoretop_E635	396
EPDcoretop_E637	204
EPDcoretop_E639	205
EPDcoretop_E639	397
EPDcoretop_E64	39
EPDcoretop_E64	398
EPDcoretop_E641	206
EPDcoretop_E641	371
EPDcoretop_E643	207
EPDcoretop_E643	399
EPDcoretop_E646	208
EPDcoretop_E647	209
EPDcoretop_E65	39
EPDcoretop_E65	398
EPDcoretop_E650	210
EPDcoretop_E651	211
EPDcoretop_E654	212
EPDcoretop_E655	212
EPDcoretop_E656	212
EPDcoretop_E66	39
EPDcoretop_E66	398
EPDcoretop_E660	213
EPDcoretop_E663	214
EPDcoretop_E665	215
EPDcoretop_E666	193
EPDcoretop_E668	216
EPDcoretop_E668	400
EPDcoretop_E669	115
EPDcoretop_E67	152
EPDcoretop_E670	217
EPDcoretop_E673	218
EPDcoretop_E677	219
EPDcoretop_E684	220
EPDcoretop_E686	130
EPDcoretop_E686	401
EPDcoretop_E697	221
EPDcoretop_E698	222
EPDcoretop_E699	222
EPDcoretop_E701	223
EPDcoretop_E702	169
EPDcoretop_E702	223
EPDcoretop_E705	224
EPDcoretop_E71	225
EPDcoretop_E711	226
EPDcoretop_E711	227
EPDcoretop_E712	227
EPDcoretop_E713	214
EPDcoretop_E715	228
EPDcoretop_E718	229
EPDcoretop_E725	230
EPDcoretop_E725	402
EPDcoretop_E726	231
EPDcoretop_E727	232
EPDcoretop_E728	232
EPDcoretop_E730	233
EPDcoretop_E730	403
EPDcoretop_E733	230
EPDcoretop_E733	402
EPDcoretop_E737	234
EPDcoretop_E738	235
EPDcoretop_E739	236
EPDcoretop_E740	237
EPDcoretop_E740	404
EPDcoretop_E742	238
EPDcoretop_E743	238
EPDcoretop_E745	232
EPDcoretop_E746	239
EPDcoretop_E746	405
EPDcoretop_E747	240
EPDcoretop_E747	406
EPDcoretop_E749	241
EPDcoretop_E750	233
EPDcoretop_E750	404
EPDcoretop_E764	242
EPDcoretop_E787	243
EPDcoretop_E80	213
EPDcoretop_E80	407
EPDcoretop_E810	244
EPDcoretop_E810	408
EPDcoretop_E813	242
EPDcoretop_E814	244
EPDcoretop_E814	408
EPDcoretop_E820	245
EPDcoretop_E820	409
EPDcoretop_E84	246
EPDcoretop_E878	244
EPDcoretop_E878	408
EPDcoretop_E887	230
EPDcoretop_E887	402
EPDcoretop_E888	247
EPDcoretop_E890	248
EPDcoretop_E891	249
EPDcoretop_E893	8
EPDcoretop_E898	250
EPDcoretop_E9	157
EPDcoretop_E900	251
EPDcoretop_E900	410
EPDcoretop_E903	252
EPDcoretop_E905	253
EPDcoretop_E907	87
EPDcoretop_E921	253
EPDcoretop_E924	254
EPDcoretop_E925	255
EPDcoretop_E930	253
EPDcoretop_E932	256
EPDcoretop_E932	411
EPDcoretop_E941	246
EPDcoretop_E948	152
EPDcoretop_E950	134
EPDcoretop_E957	257
EPDcoretop_E957	412
EPDcoretop_E959	160
EPDcoretop_E959	413
EPDcoretop_E963	174
EPDcoretop_E968	258
EPDcoretop_E969	259
EPDcoretop_E972	247
EPDcoretop_E973	260
EPDcoretop_E973	414
EPDcoretop_E978	238
EPDcoretop_E980	261
EPDcoretop_E980	415
EPDcoretop_E981	262
EPDcoretop_E982	253
EPDcoretop_E986	154
EPDcoretop_E986	416
EPDcoretop_E987	154
EPDcoretop_E987	416
EPDcoretop_E991	263
EPDcoretop_E991	417
EPDcoretop_E992	263
EPDcoretop_E992	418
EPDcoretop_E994	264
EPDcoretop_E994	419
EPDcoretop_E995	43
EPDcoretop_E996	265
Edwards_a1	266
Edwards_a10	266
Edwards_a11	266
Edwards_a12	266
Edwards_a13	266
Edwards_a14	266
Edwards_a15	266
Edwards_a16	266
Edwards_a17	266
Edwards_a18	266
Edwards_a19	266
Edwards_a2	266
Edwards_a20	266
Edwards_a21	266
Edwards_a22	266
Edwards_a23	266
Edwards_a24	266
Edwards_a25	266
Edwards_a26	266
Edwards_a27	266
Edwards_a28	266
Edwards_a29	266
Edwards_a3	266
Edwards_a4	266
Edwards_a5	266
Edwards_a6	266
Edwards_a7	266
Edwards_a8	266
Edwards_a9	266
Ejarque_a1	267
Ejarque_a1	420
Ejarque_a10	267
Ejarque_a10	420
Ejarque_a11	267
Ejarque_a11	420
Ejarque_a12	267
Ejarque_a12	420
Ejarque_a13	267
Ejarque_a13	420
Ejarque_a14	267
Ejarque_a14	420
Ejarque_a15	267
Ejarque_a15	420
Ejarque_a16	267
Ejarque_a16	420
Ejarque_a17	267
Ejarque_a17	420
Ejarque_a18	267
Ejarque_a18	420
Ejarque_a19	267
Ejarque_a19	420
Ejarque_a2	267
Ejarque_a2	420
Ejarque_a20	267
Ejarque_a20	420
Ejarque_a21	267
Ejarque_a21	420
Ejarque_a22	267
Ejarque_a22	420
Ejarque_a23	267
Ejarque_a23	420
Ejarque_a24	267
Ejarque_a24	420
Ejarque_a25	267
Ejarque_a25	420
Ejarque_a26	267
Ejarque_a26	420
Ejarque_a27	267
Ejarque_a27	420
Ejarque_a3	267
Ejarque_a3	420
Ejarque_a4	267
Ejarque_a4	420
Ejarque_a5	267
Ejarque_a5	420
Ejarque_a6	267
Ejarque_a6	420
Ejarque_a7	267
Ejarque_a7	420
Ejarque_a8	267
Ejarque_a8	420
Ejarque_a9	267
Ejarque_a9	420
Fall_a1	268
Fall_a10	268
Fall_a11	268
Fall_a12	268
Fall_a13	268
Fall_a14	268
Fall_a15	268
Fall_a16	268
Fall_a17	268
Fall_a18	268
Fall_a19	268
Fall_a2	268
Fall_a20	268
Fall_a21	268
Fall_a3	268
Fall_a4	268
Fall_a5	268
Fall_a6	268
Fall_a7	268
Fall_a8	268
Fall_a9	268
Grant_a1	269
Grant_a10	270
Grant_a11	270
Grant_a12	270
Grant_a13	270
Grant_a14	37
Grant_a15	37
Grant_a2	269
Grant_a3	269
Grant_a4	269
Grant_a5	270
Grant_a5	421
Grant_a5	428
Grant_a5	432
Grant_a6	270
Grant_a6	422
Grant_a7	270
Grant_a7	421
Grant_a7	428
Grant_a7	432
Grant_a8	270
Grant_a9	270
Grant_a9	421
Grant_a9	428
Jahns_a1	37
Jahns_a2	37
Jahns_b1	37
Jahns_b2	37
Jahns_b3	37
Jahns_b4	37
Jahns_b5	37
Jahns_b6	37
Jahns_c1	37
Jahns_d1	37
Jahns_d2	37
Jahns_d3	37
Jahns_d4	37
Jahns_e1	271
Jahns_f1	37
Jahns_f2	37
Jahns_f3	37
Jahns_f4	37
Jahns_f5	37
Jahns_f6	37
Jahns_f7	37
Jahns_g1	271
Jahns_g2	271
Jahns_g3	271
Jahns_g4	271
Jahns_h10	271
Jahns_h2	271
Jahns_h3	271
Jahns_h4	271
Jahns_h5	271
Jahns_h6	271
Jahns_h7	271
Jahns_h8	271
Jahns_h9	271
Karpinska_a1	272
Karpinska_a10	272
Karpinska_a11	272
Karpinska_a12	272
Karpinska_a13	272
Karpinska_a14	272
Karpinska_a15	272
Karpinska_a16	272
Karpinska_a2	272
Karpinska_a3	272
Karpinska_a4	272
Karpinska_a5	272
Karpinska_a6	272
Karpinska_a7	272
Karpinska_a8	272
Karpinska_a9	272
Karpinska_c1	273
Karpinska_c10	273
Karpinska_c11	273
Karpinska_c12	273
Karpinska_c13	273
Karpinska_c14	273
Karpinska_c15	273
Karpinska_c16	273
Karpinska_c17	273
Karpinska_c18	273
Karpinska_c19	273
Karpinska_c2	273
Karpinska_c20	273
Karpinska_c21	273
Karpinska_c22	273
Karpinska_c23	273
Karpinska_c24	273
Karpinska_c25	273
Karpinska_c26	273
Karpinska_c27	273
Karpinska_c28	273
Karpinska_c29	273
Karpinska_c3	273
Karpinska_c30	273
Karpinska_c31	273
Karpinska_c32	273
Karpinska_c33	273
Karpinska_c34	273
Karpinska_c35	273
Karpinska_c36	273
Karpinska_c37	273
Karpinska_c38	273
Karpinska_c39	273
Karpinska_c4	273
Karpinska_c5	273
Karpinska_c6	273
Karpinska_c7	273
Karpinska_c8	273
Karpinska_c9	273
Knaap_a1	274
Knaap_a10	274
Knaap_a11	274
Knaap_a12	274
Knaap_a13	274
Knaap_a14	274
Knaap_a15	274
Knaap_a16	274
Knaap_a17	274
Knaap_a18	274
Knaap_a19	274
Knaap_a2	274
Knaap_a20	274
Knaap_a21	274
Knaap_a22	274
Knaap_a23	274
Knaap_a24	274
Knaap_a25	274
Knaap_a26	274
Knaap_a27	274
Knaap_a28	274
Knaap_a29	274
Knaap_a3	274
Knaap_a30	274
Knaap_a31	274
Knaap_a32	274
Knaap_a33	274
Knaap_a34	274
Knaap_a35	274
Knaap_a36	274
Knaap_a37	274
Knaap_a38	274
Knaap_a39	274
Knaap_a4	274
Knaap_a40	274
Knaap_a41	274
Knaap_a42	274
Knaap_a43	274
Knaap_a44	274
Knaap_a45	274
Knaap_a46	274
Knaap_a47	274
Knaap_a48	274
Knaap_a49	274
Knaap_a5	274
Knaap_a50	274
Knaap_a51	274
Knaap_a52	274
Knaap_a53	274
Knaap_a54	274
Knaap_a55	274
Knaap_a56	274
Knaap_a57	274
Knaap_a58	274
Knaap_a59	274
Knaap_a6	274
Knaap_a60	274
Knaap_a61	274
Knaap_a62	274
Knaap_a63	274
Knaap_a64	274
Knaap_a65	274
Knaap_a66	274
Knaap_a67	274
Knaap_a68	274
Knaap_a69	274
Knaap_a7	274
Knaap_a70	274
Knaap_a71	274
Knaap_a72	274
Knaap_a73	274
Knaap_a74	274
Knaap_a75	274
Knaap_a76	274
Knaap_a77	274
Knaap_a78	274
Knaap_a79	274
Knaap_a8	274
Knaap_a80	274
Knaap_a81	274
Knaap_a82	274
Knaap_a83	274
Knaap_a84	274
Knaap_a85	274
Knaap_a86	274
Knaap_a87	274
Knaap_a88	274
Knaap_a89	274
Knaap_a9	274
Knaap_a90	274
Knaap_a91	274
Kolaczek_a1	275
Kolaczek_b1	276
Kolaczek_c1	277
Kolaczek_c2	277
Kolaczek_d1	278
Kolaczek_e1	279
Kolaczek_f1	280
Kolaczek_f10	280
Kolaczek_f11	280
Kolaczek_f12	280
Kolaczek_f13	280
Kolaczek_f14	280
Kolaczek_f15	280
Kolaczek_f16	280
Kolaczek_f17	280
Kolaczek_f18	280
Kolaczek_f19	280
Kolaczek_f2	280
Kolaczek_f20	280
Kolaczek_f21	280
Kolaczek_f22	280
Kolaczek_f23	280
Kolaczek_f24	280
Kolaczek_f25	280
Kolaczek_f26	280
Kolaczek_f27	280
Kolaczek_f28	280
Kolaczek_f29	280
Kolaczek_f3	280
Kolaczek_f30	280
Kolaczek_f31	280
Kolaczek_f32	280
Kolaczek_f4	280
Kolaczek_f5	280
Kolaczek_f6	280
Kolaczek_f7	280
Kolaczek_f8	280
Kolaczek_f9	280
Kuehl_a1	281
Kuehl_a2	282
Kunes_a1	283
Kunes_a10	284
Kunes_a100	284
Kunes_a101	284
Kunes_a102	284
Kunes_a103	284
Kunes_a104	284
Kunes_a105	284
Kunes_a106	284
Kunes_a107	284
Kunes_a108	284
Kunes_a109	284
Kunes_a11	284
Kunes_a110	284
Kunes_a111	284
Kunes_a112	284
Kunes_a113	284
Kunes_a114	284
Kunes_a115	284
Kunes_a116	284
Kunes_a117	284
Kunes_a118	284
Kunes_a119	284
Kunes_a12	284
Kunes_a120	284
Kunes_a121	284
Kunes_a122	284
Kunes_a123	284
Kunes_a124	284
Kunes_a125	284
Kunes_a126	284
Kunes_a127	284
Kunes_a128	284
Kunes_a129	284
Kunes_a13	284
Kunes_a130	284
Kunes_a131	284
Kunes_a132	284
Kunes_a133	284
Kunes_a134	284
Kunes_a135	284
Kunes_a136	284
Kunes_a137	284
Kunes_a138	284
Kunes_a139	284
Kunes_a14	284
Kunes_a140	283
Kunes_a142	284
Kunes_a143	284
Kunes_a144	284
Kunes_a145	284
Kunes_a146	284
Kunes_a147	284
Kunes_a148	284
Kunes_a149	284
Kunes_a15	284
Kunes_a150	284
Kunes_a151	283
Kunes_a16	283
Kunes_a17	283
Kunes_a18	283
Kunes_a19	283
Kunes_a2	283
Kunes_a20	283
Kunes_a21	283
Kunes_a22	284
Kunes_a23	283
Kunes_a24	284
Kunes_a25	284
Kunes_a26	284
Kunes_a27	283
Kunes_a28	283
Kunes_a29	283
Kunes_a3	283
Kunes_a30	283
Kunes_a31	283
Kunes_a32	283
Kunes_a33	283
Kunes_a34	284
Kunes_a35	284
Kunes_a36	283
Kunes_a37	283
Kunes_a38	283
Kunes_a39	283
Kunes_a4	283
Kunes_a40	283
Kunes_a41	283
Kunes_a42	284
Kunes_a43	283
Kunes_a44	283
Kunes_a45	283
Kunes_a46	283
Kunes_a47	283
Kunes_a48	283
Kunes_a49	283
Kunes_a5	283
Kunes_a50	283
Kunes_a51	284
Kunes_a52	284
Kunes_a53	284
Kunes_a54	284
Kunes_a55	284
Kunes_a56	284
Kunes_a57	283
Kunes_a58	283
Kunes_a59	283
Kunes_a6	283
Kunes_a60	283
Kunes_a61	284
Kunes_a62	284
Kunes_a63	283
Kunes_a64	284
Kunes_a65	283
Kunes_a66	284
Kunes_a67	284
Kunes_a68	284
Kunes_a69	284
Kunes_a7	283
Kunes_a70	284
Kunes_a71	284
Kunes_a72	284
Kunes_a73	284
Kunes_a74	284
Kunes_a75	284
Kunes_a76	284
Kunes_a77	284
Kunes_a78	284
Kunes_a79	284
Kunes_a8	283
Kunes_a80	284
Kunes_a81	283
Kunes_a82	283
Kunes_a83	283
Kunes_a84	284
Kunes_a85	284
Kunes_a86	284
Kunes_a87	283
Kunes_a88	284
Kunes_a89	283
Kunes_a9	283
Kunes_a90	283
Kunes_a91	284
Kunes_a92	283
Kunes_a93	283
Kunes_a94	283
Kunes_a95	283
Kunes_a96	284
Kunes_a97	283
Kunes_a98	283
Kunes_a99	283
Lapteva_a1	285
Lapteva_a10	285
Lapteva_a100	285
Lapteva_a101	285
Lapteva_a102	286
Lapteva_a103	286
Lapteva_a104	286
Lapteva_a105	286
Lapteva_a106	286
Lapteva_a107	286
Lapteva_a108	286
Lapteva_a109	286
Lapteva_a11	285
Lapteva_a110	286
Lapteva_a111	286
Lapteva_a112	286
Lapteva_a113	286
Lapteva_a114	286
Lapteva_a115	286
Lapteva_a116	286
Lapteva_a117	286
Lapteva_a118	286
Lapteva_a119	286
Lapteva_a12	285
Lapteva_a120	286
Lapteva_a121	286
Lapteva_a122	286
Lapteva_a123	286
Lapteva_a124	286
Lapteva_a125	286
Lapteva_a126	286
Lapteva_a127	286
Lapteva_a128	286
Lapteva_a129	286
Lapteva_a13	285
Lapteva_a14	285
Lapteva_a15	285
Lapteva_a16	285
Lapteva_a17	285
Lapteva_a18	285
Lapteva_a19	285
Lapteva_a2	285
Lapteva_a20	285
Lapteva_a21	285
Lapteva_a22	285
Lapteva_a23	285
Lapteva_a24	285
Lapteva_a25	285
Lapteva_a26	285
Lapteva_a27	285
Lapteva_a28	285
Lapteva_a29	285
Lapteva_a3	285
Lapteva_a30	285
Lapteva_a31	285
Lapteva_a32	285
Lapteva_a33	285
Lapteva_a34	285
Lapteva_a35	285
Lapteva_a36	285
Lapteva_a37	285
Lapteva_a38	285
Lapteva_a39	285
Lapteva_a4	285
Lapteva_a40	285
Lapteva_a41	285
Lapteva_a42	285
Lapteva_a43	285
Lapteva_a44	285
Lapteva_a45	285
Lapteva_a46	285
Lapteva_a47	285
Lapteva_a48	285
Lapteva_a49	285
Lapteva_a5	285
Lapteva_a50	285
Lapteva_a51	285
Lapteva_a52	285
Lapteva_a53	285
Lapteva_a54	285
Lapteva_a55	285
Lapteva_a56	285
Lapteva_a57	285
Lapteva_a58	285
Lapteva_a59	285
Lapteva_a6	285
Lapteva_a60	285
Lapteva_a61	285
Lapteva_a62	285
Lapteva_a63	285
Lapteva_a64	285
Lapteva_a65	285
Lapteva_a66	285
Lapteva_a67	285
Lapteva_a68	285
Lapteva_a69	285
Lapteva_a7	285
Lapteva_a70	285
Lapteva_a71	285
Lapteva_a72	285
Lapteva_a73	285
Lapteva_a74	285
Lapteva_a75	285
Lapteva_a76	285
Lapteva_a77	285
Lapteva_a78	285
Lapteva_a79	285
Lapteva_a8	285
Lapteva_a80	285
Lapteva_a81	285
Lapteva_a82	285
Lapteva_a83	285
Lapteva_a84	285
Lapteva_a85	285
Lapteva_a86	285
Lapteva_a87	285
Lapteva_a88	285
Lapteva_a89	285
Lapteva_a9	285
Lapteva_a90	285
Lapteva_a91	285
Lapteva_a92	285
Lapteva_a93	285
Lapteva_a94	285
Lapteva_a95	285
Lapteva_a96	285
Lapteva_a97	285
Lapteva_a98	285
Lapteva_a99	285
Leroy_a1	287
Leroy_a2	288
Leroy_a3	288
Leroy_a4	288
Leroy_a5	288
Leroy_c1	289
Leroy_c2	289
Leroy_c3	289
Leroy_c4	289
Leroy_c5	289
Leroy_c6	289
Leroy_c7	289
Leroy_d1	290
Leroy_d10	290
Leroy_d11	290
Leroy_d12	290
Leroy_d13	290
Leroy_d14	290
Leroy_d15	290
Leroy_d16	290
Leroy_d17	290
Leroy_d18	290
Leroy_d19	290
Leroy_d2	290
Leroy_d20	290
Leroy_d21	290
Leroy_d22	290
Leroy_d23	290
Leroy_d24	290
Leroy_d25	290
Leroy_d26	290
Leroy_d27	290
Leroy_d28	290
Leroy_d29	290
Leroy_d3	290
Leroy_d30	290
Leroy_d31	290
Leroy_d32	290
Leroy_d33	290
Leroy_d34	290
Leroy_d35	290
Leroy_d36	290
Leroy_d37	290
Leroy_d38	290
Leroy_d4	290
Leroy_d5	290
Leroy_d6	290
Leroy_d7	290
Leroy_d8	290
Leroy_d9	290
Mazier_a1	291
Mazier_a10	291
Mazier_a11	291
Mazier_a12	291
Mazier_a13	291
Mazier_a14	291
Mazier_a15	291
Mazier_a16	291
Mazier_a17	291
Mazier_a18	291
Mazier_a19	291
Mazier_a2	291
Mazier_a20	291
Mazier_a3	291
Mazier_a4	291
Mazier_a5	291
Mazier_a6	291
Mazier_a7	291
Mazier_a8	291
Mazier_a9	291
Meltsov_a1	292
Meltsov_a1	423
Meltsov_a2	292
Meltsov_a2	423
Meltsov_a3	292
Meltsov_a3	423
Meltsov_a4	292
Meltsov_a4	423
Meltsov_a5	292
Meltsov_a5	423
Meltsov_a6	292
Meltsov_a6	423
Meltsov_a7	292
Meltsov_a7	423
Meltsov_a8	292
Meltsov_a8	423
Meltsov_a9	292
Meltsov_a9	423
Mercuri_a1	293
Mercuri_a1	424
Mercuri_a1	429
Mercuri_a1	433
Mercuri_b1	293
Mercuri_b1	425
Mercuri_b1	430
Mercuri_c1	293
Mercuri_c1	425
Mercuri_d1	294
Mercuri_d2	294
Mercuri_d3	294
Mercuri_d4	294
Mercuri_d5	294
Mercuri_f1	295
Mercuri_g1	296
Miras_a1	297
Miras_a10	297
Miras_a11	297
Miras_a12	297
Miras_a13	297
Miras_a2	297
Miras_a3	297
Miras_a4	297
Miras_a5	297
Miras_a6	297
Miras_a7	297
Miras_a8	297
Miras_a9	297
Miras_b1	297
Miras_b2	297
Miras_b3	297
Miras_b4	297
Miras_b5	297
Miras_b6	297
Miras_b7	297
Miras_c1	297
Miras_c10	297
Miras_c11	297
Miras_c12	297
Miras_c13	297
Miras_c14	297
Miras_c2	297
Miras_c3	297
Miras_c4	297
Miras_c5	297
Miras_c6	297
Miras_c7	297
Miras_c8	297
Miras_c9	297
Miras_d1	297
Miras_d10	297
Miras_d11	297
Miras_d12	297
Miras_d13	297
Miras_d2	297
Miras_d3	297
Miras_d4	297
Miras_d5	297
Miras_d6	297
Miras_d7	297
Miras_d8	297
Miras_d9	297
Miras_e1	297
Miras_e2	297
Miras_e3	297
Miras_e4	297
Miras_e5	297
Miras_f1	297
Miras_f2	297
Miras_f3	297
Miras_f4	297
Miras_f5	297
Miras_f6	297
Miras_f7	297
Miras_g1	297
Miras_g10	297
Miras_g11	297
Miras_g12	297
Miras_g13	297
Miras_g14	297
Miras_g2	297
Miras_g3	297
Miras_g4	297
Miras_g5	297
Miras_g6	297
Miras_g7	297
Miras_g8	297
Miras_g9	297
Miras_h1	297
Miras_h2	297
Miras_h3	297
Miras_h4	297
Miras_h5	297
Miras_h6	297
Miras_i1	297
Miras_i2	297
Miras_i3	297
Miras_i4	297
Miras_j1	297
Miras_j2	297
Miras_j3	297
Miras_j4	297
Miras_j5	297
Miras_j6	297
Miras_j7	297
Miras_j8	297
Mitchell_a1	112
Mitchell_a10	112
Mitchell_a11	112
Mitchell_a12	112
Mitchell_a13	112
Mitchell_a14	112
Mitchell_a15	112
Mitchell_a16	112
Mitchell_a17	112
Mitchell_a18	112
Mitchell_a19	112
Mitchell_a2	112
Mitchell_a20	112
Mitchell_a21	112
Mitchell_a22	112
Mitchell_a23	112
Mitchell_a24	112
Mitchell_a25	112
Mitchell_a26	112
Mitchell_a27	112
Mitchell_a28	112
Mitchell_a29	112
Mitchell_a3	112
Mitchell_a30	112
Mitchell_a4	112
Mitchell_a5	112
Mitchell_a6	112
Mitchell_a7	112
Mitchell_a8	112
Mitchell_a9	112
Naughton_a1	298
Nielsen_a1	299
Novenko_a1	300
Novenko_a10	300
Novenko_a11	300
Novenko_a12	300
Novenko_a13	300
Novenko_a14	300
Novenko_a15	300
Novenko_a16	300
Novenko_a17	300
Novenko_a18	300
Novenko_a19	300
Novenko_a2	300
Novenko_a20	300
Novenko_a21	300
Novenko_a22	300
Novenko_a23	300
Novenko_a24	300
Novenko_a25	300
Novenko_a26	300
Novenko_a27	300
Novenko_a28	300
Novenko_a29	300
Novenko_a3	300
Novenko_a30	300
Novenko_a31	300
Novenko_a32	300
Novenko_a33	300
Novenko_a34	300
Novenko_a35	300
Novenko_a36	300
Novenko_a37	300
Novenko_a38	300
Novenko_a39	300
Novenko_a4	300
Novenko_a40	300
Novenko_a5	300
Novenko_a6	300
Novenko_a7	300
Novenko_a8	300
Novenko_a9	300
Novenko_b10	301
Novenko_b8	301
Novenko_b9	301
Odgaard_a1	302
Odgaard_a10	302
Odgaard_a11	302
Odgaard_a12	302
Odgaard_a13	302
Odgaard_a14	302
Odgaard_a15	302
Odgaard_a16	302
Odgaard_a2	302
Odgaard_a3	302
Odgaard_a4	302
Odgaard_a5	302
Odgaard_a6	302
Odgaard_a7	302
Odgaard_a8	302
Odgaard_a9	302
Ortu_a1	53
Ortu_a10	303
Ortu_a11	303
Ortu_a12	303
Ortu_a13	303
Ortu_a14	303
Ortu_a2	53
Ortu_a3	53
Ortu_a4	53
Ortu_a5	53
Ortu_a6	53
Ortu_a7	303
Ortu_a8	303
Ortu_a9	303
Ortu_b1	304
Ortu_b10	304
Ortu_b11	304
Ortu_b12	304
Ortu_b13	304
Ortu_b14	304
Ortu_b15	304
Ortu_b16	304
Ortu_b17	304
Ortu_b18	304
Ortu_b19	304
Ortu_b2	304
Ortu_b20	304
Ortu_b21	304
Ortu_b22	304
Ortu_b23	304
Ortu_b3	304
Ortu_b4	304
Ortu_b5	304
Ortu_b6	304
Ortu_b7	304
Ortu_b8	304
Ortu_b9	304
Ortu_c1	304
Ortu_c1	426
Ortu_c10	304
Ortu_c10	426
Ortu_c11	304
Ortu_c11	426
Ortu_c12	304
Ortu_c12	426
Ortu_c13	304
Ortu_c13	426
Ortu_c14	304
Ortu_c14	426
Ortu_c15	304
Ortu_c15	426
Ortu_c16	304
Ortu_c16	426
Ortu_c17	304
Ortu_c17	426
Ortu_c18	304
Ortu_c18	426
Ortu_c19	304
Ortu_c19	426
Ortu_c2	304
Ortu_c2	426
Ortu_c20	304
Ortu_c20	426
Ortu_c21	304
Ortu_c21	426
Ortu_c22	304
Ortu_c22	426
Ortu_c23	304
Ortu_c23	426
Ortu_c24	304
Ortu_c24	426
Ortu_c25	304
Ortu_c25	426
Ortu_c26	304
Ortu_c26	426
Ortu_c27	304
Ortu_c27	426
Ortu_c28	304
Ortu_c28	426
Ortu_c29	304
Ortu_c29	426
Ortu_c3	304
Ortu_c3	426
Ortu_c30	304
Ortu_c30	426
Ortu_c31	304
Ortu_c31	426
Ortu_c32	304
Ortu_c32	426
Ortu_c33	304
Ortu_c33	426
Ortu_c34	304
Ortu_c34	426
Ortu_c35	304
Ortu_c35	426
Ortu_c36	304
Ortu_c36	426
Ortu_c37	304
Ortu_c37	426
Ortu_c38	304
Ortu_c38	426
Ortu_c39	304
Ortu_c39	426
Ortu_c4	304
Ortu_c4	426
Ortu_c40	304
Ortu_c40	426
Ortu_c5	304
Ortu_c5	426
Ortu_c6	304
Ortu_c6	426
Ortu_c7	304
Ortu_c7	426
Ortu_c8	304
Ortu_c8	426
Ortu_c9	304
Ortu_c9	426
Ortu_d1	305
Overballe_a1	306
Pardoe_a1	307
Pardoe_a10	307
Pardoe_a11	307
Pardoe_a12	307
Pardoe_a13	307
Pardoe_a14	307
Pardoe_a15	307
Pardoe_a16	307
Pardoe_a17	307
Pardoe_a18	307
Pardoe_a19	307
Pardoe_a2	307
Pardoe_a20	307
Pardoe_a21	307
Pardoe_a22	307
Pardoe_a3	307
Pardoe_a4	307
Pardoe_a5	307
Pardoe_a6	307
Pardoe_a7	307
Pardoe_a8	307
Pardoe_a9	307
Pardoe_b1	308
Pardoe_b10	308
Pardoe_b11	308
Pardoe_b12	308
Pardoe_b13	308
Pardoe_b14	308
Pardoe_b15	308
Pardoe_b16	308
Pardoe_b17	308
Pardoe_b18	308
Pardoe_b19	308
Pardoe_b2	308
Pardoe_b20	308
Pardoe_b21	308
Pardoe_b22	308
Pardoe_b23	308
Pardoe_b24	308
Pardoe_b25	308
Pardoe_b26	308
Pardoe_b27	308
Pardoe_b28	308
Pardoe_b29	308
Pardoe_b3	308
Pardoe_b30	308
Pardoe_b31	308
Pardoe_b32	308
Pardoe_b33	308
Pardoe_b34	308
Pardoe_b35	308
Pardoe_b36	308
Pardoe_b37	308
Pardoe_b38	308
Pardoe_b39	308
Pardoe_b4	308
Pardoe_b5	308
Pardoe_b6	308
Pardoe_b7	308
Pardoe_b8	308
Pardoe_b9	308
Pidek_a1	309
Pidek_a10	309
Pidek_a11	309
Pidek_a12	309
Pidek_a13	309
Pidek_a14	309
Pidek_a15	309
Pidek_a16	309
Pidek_a17	309
Pidek_a18	309
Pidek_a19	309
Pidek_a2	309
Pidek_a20	309
Pidek_a3	309
Pidek_a4	309
Pidek_a5	309
Pidek_a6	309
Pidek_a7	309
Pidek_a8	309
Pidek_a9	309
Sadori_a1	310
Sadori_a2	310
Sadori_a3	310
Sadori_b1	311
Sadori_b2	311
Sadori_c1	312
Sadori_d1	37
Sadori_d2	37
Sadori_d3	37
Sadori_d4	37
Sadori_d5	37
Sadori_d6	37
Sadori_d7	37
Sadori_d8	37
Sadori_d9	37
Sadori_e1	313
Sadori_e10	313
Sadori_e11	313
Sadori_e12	313
Sadori_e2	313
Sadori_e3	313
Sadori_e4	313
Sadori_e5	313
Sadori_e6	313
Sadori_e7	313
Sadori_e8	313
Sadori_e9	313
Sadori_f1	314
Sadori_f1	427
Sadori_f1	431
Severova_a1	315
Severova_a2	315
Severova_a3	315
Severova_a4	315
Severova_a5	315
Severova_b1	315
Shaw_a1	316
Shaw_b1	316
Shaw_c1	316
Shaw_d1	317
Swieta_a1	318
Swieta_a2	318
Swieta_a3	318
Swieta_b1	318
Swieta_b2	318
Swieta_b3	318
Swieta_c1	318
Swieta_c2	318
Swieta_c3	318
Swieta_d1	318
Swieta_d2	318
Swieta_d3	318
Swieta_e1	318
Swieta_e2	318
Swieta_e3	318
Swieta_f1	318
Swieta_f2	318
Swieta_f3	318
Swieta_g1	318
Swieta_g2	318
Swieta_g3	318
Swieta_h1	318
Swieta_h2	318
Swieta_h3	318
Swieta_i1	319
Swieta_i2	319
Swieta_i3	319
Swieta_i4	319
Swieta_i5	319
Swieta_i6	319
Swieta_i7	319
Swieta_i8	319
Theuerkauf_a1	320
Theuerkauf_a10	320
Theuerkauf_a11	320
Theuerkauf_a12	320
Theuerkauf_a13	320
Theuerkauf_a14	320
Theuerkauf_a15	320
Theuerkauf_a16	320
Theuerkauf_a17	320
Theuerkauf_a18	320
Theuerkauf_a19	320
Theuerkauf_a2	320
Theuerkauf_a20	320
Theuerkauf_a21	320
Theuerkauf_a22	320
Theuerkauf_a23	320
Theuerkauf_a24	320
Theuerkauf_a25	320
Theuerkauf_a26	320
Theuerkauf_a27	320
Theuerkauf_a28	320
Theuerkauf_a29	320
Theuerkauf_a3	320
Theuerkauf_a30	320
Theuerkauf_a31	320
Theuerkauf_a32	320
Theuerkauf_a33	320
Theuerkauf_a34	320
Theuerkauf_a35	320
Theuerkauf_a36	320
Theuerkauf_a37	320
Theuerkauf_a38	320
Theuerkauf_a39	320
Theuerkauf_a4	320
Theuerkauf_a40	320
Theuerkauf_a41	320
Theuerkauf_a42	320
Theuerkauf_a43	320
Theuerkauf_a44	320
Theuerkauf_a45	320
Theuerkauf_a46	320
Theuerkauf_a47	320
Theuerkauf_a48	320
Theuerkauf_a5	320
Theuerkauf_a6	320
Theuerkauf_a7	320
Theuerkauf_a8	320
Theuerkauf_a9	320
Tonkov_a1	321
Tonkov_b1	321
Tonkov_c1	321
Tonkov_d1	321
Tonkov_e1	321
Tonkov_f1	321
Tonkov_g1	321
Tonkov_h1	322
Tonkov_i1	323
Tonkov_j1	324
Tonkov_k1	325
Tonkov_l1	326
Tonkov_m1	326
Tonkov_n1	327
Tonkov_o1	328
Tonkov_p1	326
Tonkov_q1	326
EPDcoretop_E1391	434
EPDcoretop_E1394	435
EPDcoretop_E1395	436
EPDcoretop_E1398	437
EPDcoretop_E1398	641
EPDcoretop_E1403	438
EPDcoretop_E1404	439
EPDcoretop_E1404	642
EPDcoretop_E1406	440
EPDcoretop_E1407	441
EPDcoretop_E1410	442
EPDcoretop_E1411	443
EPDcoretop_E1412	443
EPDcoretop_E1418	444
EPDcoretop_E1420	445
EPDcoretop_E1421	446
EPDcoretop_E1422	441
EPDcoretop_E1426	447
EPDcoretop_E1429	447
EPDcoretop_E1430	447
EPDcoretop_E1432	447
EPDcoretop_E1440	448
EPDcoretop_E1447	449
EPDcoretop_E1449	450
EPDcoretop_E1449	643
EPDcoretop_E1458	451
EPDcoretop_E1459	452
EPDcoretop_E1459	644
EPDcoretop_E1459	704
EPDcoretop_E1463	453
EPDcoretop_E1463	645
EPDcoretop_E1467	454
EPDcoretop_E1476	455
EPDcoretop_E1476	646
EPDcoretop_E1478	456
EPDcoretop_E1478	647
EPDcoretop_E1483	457
EPDcoretop_E1487	458
EPDcoretop_E1489	458
EPDcoretop_E1491	458
EPDcoretop_E1495	459
EPDcoretop_E1495	648
EPDcoretop_E1500	460
EPDcoretop_E1508	461
EPDcoretop_E1509	462
EPDcoretop_E1509	479
EPDcoretop_E1510	463
EPDcoretop_E1511	463
EPDcoretop_E1512	464
EPDcoretop_E1512	649
EPDcoretop_E1523	465
EPDcoretop_E1524	465
EPDcoretop_E1525	466
EPDcoretop_E1528	467
EPDcoretop_E1534	467
EPDcoretop_E1538	468
EPDcoretop_E1543	468
EPDcoretop_E1545	467
EPDcoretop_E1547	469
EPDcoretop_E1548	470
EPDcoretop_E1548	650
EPDcoretop_E1549	471
EPDcoretop_E1549	651
EPDcoretop_E1550	471
EPDcoretop_E1550	651
EPDcoretop_E1551	467
EPDcoretop_E1552	462
EPDcoretop_E1552	469
EPDcoretop_E1560	472
EPDcoretop_E1561	473
EPDcoretop_E1562	474
EPDcoretop_E1565	475
EPDcoretop_E1568	476
EPDcoretop_E1578	477
EPDcoretop_E1579	477
EPDcoretop_E1580	478
EPDcoretop_E1581	470
EPDcoretop_E1581	650
EPDcoretop_E1583	468
EPDcoretop_E1586	479
EPDcoretop_E1586	652
EPDcoretop_E1589	480
EPDcoretop_E1589	653
EPDcoretop_E1589	705
EPDcoretop_E1590	470
EPDcoretop_E1590	650
EPDcoretop_E1591	464
EPDcoretop_E1591	649
EPDcoretop_E1593	470
EPDcoretop_E1593	650
EPDcoretop_E1595	481
EPDcoretop_E1595	654
EPDcoretop_E1596	482
EPDcoretop_E1596	652
EPDcoretop_E1597	483
EPDcoretop_E1598	484
EPDcoretop_E1600	485
EPDcoretop_E1601	462
EPDcoretop_E1601	655
EPDcoretop_E1604	486
EPDcoretop_E1610	470
EPDcoretop_E1610	650
EPDcoretop_E1611	487
EPDcoretop_E1614	488
EPDcoretop_E1614	656
EPDcoretop_E1616	464
EPDcoretop_E1616	649
EPDcoretop_E1617	486
EPDcoretop_E1629	489
EPDcoretop_E1630	490
EPDcoretop_E1631	450
EPDcoretop_E1631	657
EPDcoretop_E1632	491
EPDcoretop_E1633	450
EPDcoretop_E1633	658
EPDcoretop_E1634	492
EPDcoretop_E1634	450
EPDcoretop_E1635	493
EPDcoretop_E1635	450
EPDcoretop_E1636	491
EPDcoretop_E1643	494
EPDcoretop_E1660	495
EPDcoretop_E1661	495
EPDcoretop_E1668	496
EPDcoretop_E1675	496
EPDcoretop_E1677	497
EPDcoretop_E1678	497
EPDcoretop_E1679	498
EPDcoretop_E1680	497
EPDcoretop_E1682	499
EPDcoretop_E1683	500
EPDcoretop_E1684	497
EPDcoretop_E1685	496
EPDcoretop_E1707	501
EPDcoretop_E1719	502
EPDcoretop_E1730	503
EPDcoretop_E1730	659
EPDcoretop_E1731	504
EPDcoretop_E1732	505
EPDcoretop_E1733	506
EPDcoretop_E1733	660
EPDcoretop_E1751	507
EPDcoretop_E1787	508
EPDcoretop_E1787	661
EPDcoretop_E1787	706
EPDcoretop_E1788	508
EPDcoretop_E1788	662
EPDcoretop_E1789	508
EPDcoretop_E1789	663
EPDcoretop_E1790	509
EPDcoretop_E1792	508
EPDcoretop_E1792	664
EPDcoretop_E1792	707
EPDcoretop_E1794	508
EPDcoretop_E1794	665
EPDcoretop_E1794	708
EPDcoretop_E1794	674
EPDcoretop_E1796	508
EPDcoretop_E1796	666
EPDcoretop_E1796	709
EPDcoretop_E1802	508
EPDcoretop_E1802	667
EPDcoretop_E1802	710
EPDcoretop_E1802	721
EPDcoretop_E1805	510
EPDcoretop_E1805	668
EPDcoretop_E1815	508
EPDcoretop_E1821	508
EPDcoretop_E1825	508
EPDcoretop_E1825	664
EPDcoretop_E1828	511
EPDcoretop_E1860	508
EPDcoretop_E1860	669
EPDcoretop_E1866	508
EPDcoretop_E1866	670
EPDcoretop_E1868	512
EPDcoretop_E1872	508
EPDcoretop_E1872	671
EPDcoretop_E1872	711
EPDcoretop_E1872	722
EPDcoretop_E1890	512
EPDcoretop_E1897	512
EPDcoretop_E1901	508
EPDcoretop_E1901	672
EPDcoretop_E1901	712
EPDcoretop_E1901	723
EPDcoretop_E1910	508
EPDcoretop_E1910	673
EPDcoretop_E1911	513
EPDcoretop_E1912	513
EPDcoretop_E1917	508
EPDcoretop_E1917	674
EPDcoretop_E1920	508
EPDcoretop_E1920	675
EPDcoretop_E1920	713
EPDcoretop_E1923	508
EPDcoretop_E1981	514
EPDcoretop_E1981	676
EPDcoretop_E1982	514
EPDcoretop_E1982	676
EPDcoretop_E1983	514
EPDcoretop_E1983	676
EPDcoretop_E1983	714
EPDcoretop_E1984	514
EPDcoretop_E1984	676
EPDcoretop_E1985	514
EPDcoretop_E1985	676
EPDcoretop_E1986	514
EPDcoretop_E1986	676
EPDcoretop_E1991	515
EPDcoretop_E1991	677
EPDcoretop_E1995	516
EPDcoretop_E1995	518
EPDcoretop_E1998	517
EPDcoretop_E1998	518
EPDcoretop_E2003	517
EPDcoretop_E2003	518
EPDcoretop_E2005	517
EPDcoretop_E2005	518
EPDcoretop_E2007	518
EPDcoretop_E2007	678
EPDcoretop_E2007	715
EPDcoretop_E2011	514
EPDcoretop_E2011	676
EPDcoretop_E2012	514
EPDcoretop_E2012	676
EPDcoretop_E2013	514
EPDcoretop_E2013	676
EPDcoretop_E2014	514
EPDcoretop_E2014	676
EPDcoretop_E2017	519
EPDcoretop_E2018	520
EPDcoretop_E2020	521
EPDcoretop_E2020	679
EPDcoretop_E2020	716
EPDcoretop_E2024	521
EPDcoretop_E2024	679
EPDcoretop_E2027	522
EPDcoretop_E2034	523
EPDcoretop_E2040	524
EPDcoretop_E2041	525
EPDcoretop_E2058	526
EPDcoretop_E2073	527
EPDcoretop_E2078	528
EPDcoretop_E2088	529
EPDcoretop_E2089	530
EPDcoretop_E2091	530
EPDcoretop_E2092	531
EPDcoretop_E2097	532
EPDcoretop_E2102	533
EPDcoretop_E2102	534
EPDcoretop_E2103	534
EPDcoretop_E2103	680
EPDcoretop_E2105	535
EPDcoretop_E2105	539
EPDcoretop_E2105	717
EPDcoretop_E2107	536
EPDcoretop_E2108	536
EPDcoretop_E2110	536
EPDcoretop_E2111	536
EPDcoretop_E2112	536
EPDcoretop_E2114	537
EPDcoretop_E2115	537
EPDcoretop_E2116	537
EPDcoretop_E2117	537
EPDcoretop_E2119	538
EPDcoretop_E2121	537
EPDcoretop_E2122	539
EPDcoretop_E2134	540
EPDcoretop_E2134	681
EPDcoretop_E2142	541
EPDcoretop_E2145	542
EPDcoretop_E2146	543
EPDcoretop_E2148	544
EPDcoretop_E2151	545
EPDcoretop_E2152	544
EPDcoretop_E2153	546
EPDcoretop_E2154	547
EPDcoretop_E2155	548
EPDcoretop_E2161	549
EPDcoretop_E2164	550
EPDcoretop_E2165	551
EPDcoretop_E2165	682
EPDcoretop_E2166	552
EPDcoretop_E2166	683
EPDcoretop_E2168	553
EPDcoretop_E2169	554
EPDcoretop_E2170	555
EPDcoretop_E2185	556
EPDcoretop_E2185	684
EPDcoretop_E2199	557
EPDcoretop_E2200	558
EPDcoretop_E2209	559
EPDcoretop_E2220	560
EPDcoretop_E2230	561
EPDcoretop_E2230	685
EPDcoretop_E2231	562
EPDcoretop_E2232	563
EPDcoretop_E2233	561
EPDcoretop_E2233	685
EPDcoretop_E2234	546
EPDcoretop_E2235	564
EPDcoretop_E2236	565
EPDcoretop_E2241	566
EPDcoretop_E2243	567
EPDcoretop_E2244	562
EPDcoretop_E2246	568
EPDcoretop_E2247	568
EPDcoretop_E2248	561
EPDcoretop_E2248	685
EPDcoretop_E2250	569
EPDcoretop_E2251	570
EPDcoretop_E2254	571
EPDcoretop_E2256	563
EPDcoretop_E2257	572
EPDcoretop_E2263	573
EPDcoretop_E2263	686
EPDcoretop_E2284	574
EPDcoretop_E2291	575
EPDcoretop_E2300	576
EPDcoretop_E2300	687
EPDcoretop_E2301	577
EPDcoretop_E2304	577
EPDcoretop_E2305	577
EPDcoretop_E2308	577
EPDcoretop_E2314	578
EPDcoretop_E2315	579
EPDcoretop_E2317	580
EPDcoretop_E2318	581
EPDcoretop_E2320	582
EPDcoretop_E2321	583
EPDcoretop_E2322	584
EPDcoretop_E2324	585
EPDcoretop_E2326	586
EPDcoretop_E2327	587
EPDcoretop_E2328	588
EPDcoretop_E2328	688
EPDcoretop_E2329	589
EPDcoretop_E2330	590
EPDcoretop_E2332	591
EPDcoretop_E2333	592
EPDcoretop_E2334	593
EPDcoretop_E2335	594
EPDcoretop_E2337	595
EPDcoretop_E2337	689
EPDcoretop_E2338	596
EPDcoretop_E2338	690
EPDcoretop_E2339	597
EPDcoretop_E2339	691
EPDcoretop_E2355	598
EPDcoretop_E2355	692
EPDcoretop_E2357	599
EPDcoretop_E2358	600
EPDcoretop_E2358	693
EPDcoretop_E2358	718
EPDcoretop_E2359	601
EPDcoretop_E2359	694
EPDcoretop_E2360	601
EPDcoretop_E2361	601
EPDcoretop_E2362	602
EPDcoretop_E2362	695
EPDcoretop_E2363	603
EPDcoretop_E2366	604
EPDcoretop_E2366	696
EPDcoretop_E2367	605
EPDcoretop_E2367	604
EPDcoretop_E2369	606
EPDcoretop_E2375	607
EPDcoretop_E2376	608
EPDcoretop_E2381	609
EPDcoretop_E2381	697
EPDcoretop_E2395	610
EPDcoretop_E2396	611
EPDcoretop_E2403	612
EPDcoretop_E2405	613
EPDcoretop_E2470	614
EPDcoretop_E2479	614
EPDcoretop_E2480	614
EPDcoretop_E2489	615
EPDcoretop_E2493	616
EPDcoretop_E2494	617
EPDcoretop_E2499	618
EPDcoretop_E2499	619
EPDcoretop_E2500	619
EPDcoretop_E2505	619
EPDcoretop_E2520	619
EPDcoretop_E2520	698
EPDcoretop_E2524	619
EPDcoretop_E2526	620
EPDcoretop_E2528	621
EPDcoretop_E2528	699
EPDcoretop_E2528	622
EPDcoretop_E2528	724
EPDcoretop_E2529	622
EPDcoretop_E2530	622
EPDcoretop_E2531	622
EPDcoretop_E2532	623
EPDcoretop_E2533	624
EPDcoretop_E2533	700
EPDcoretop_E2533	719
EPDcoretop_E2534	625
EPDcoretop_E2535	625
EPDcoretop_E2536	625
EPDcoretop_E2537	625
EPDcoretop_E2538	625
EPDcoretop_E2539	626
EPDcoretop_E2539	625
EPDcoretop_E2540	625
EPDcoretop_E2541	625
EPDcoretop_E2542	625
EPDcoretop_E2543	627
EPDcoretop_E2543	625
EPDcoretop_E2543	720
EPDcoretop_E2544	627
EPDcoretop_E2544	625
EPDcoretop_E2545	627
EPDcoretop_E2545	625
EPDcoretop_E2546	627
EPDcoretop_E2546	625
EPDcoretop_E2546	720
EPDcoretop_E2547	627
EPDcoretop_E2547	625
EPDcoretop_E2547	720
EPDcoretop_E2548	627
EPDcoretop_E2548	625
EPDcoretop_E2549	627
EPDcoretop_E2549	625
EPDcoretop_E2549	720
EPDcoretop_E2550	627
EPDcoretop_E2550	625
EPDcoretop_E2551	627
EPDcoretop_E2551	625
EPDcoretop_E2552	627
EPDcoretop_E2552	625
EPDcoretop_E2553	628
EPDcoretop_E2553	701
EPDcoretop_E2554	629
EPDcoretop_E2555	630
EPDcoretop_E2555	702
EPDcoretop_E2556	630
EPDcoretop_E2557	631
EPDcoretop_E2560	632
EPDcoretop_E2561	633
EPDcoretop_E2562	634
EPDcoretop_E2563	635
EPDcoretop_E2565	636
EPDcoretop_E2566	636
EPDcoretop_E2567	637
EPDcoretop_E2567	703
EPDcoretop_E2568	638
EPDcoretop_E2569	639
EPDcoretop_E2570	640
Antipina_a2	727
Antipina_a4	728
Antipina_a5	728
Antipina_a7	729
Antipina_a9	730
Antipina_a13	731
Atanassova_e1	1
Atanassova_e2	1
Atanassova_e3	1
Atanassova_e4	1
Atanassova_e5	1
Atanassova_e6	1
Atanassova_e7	1
Atanassova_e8	1
Atanassova_e9	1
Atanassova_e10	1
Atanassova_e11	1
Atanassova_e12	1
Atanassova_e13	1
Atanassova_e14	1
Atanassova_e15	1
Atanassova_e16	1
Atanassova_e17	1
Binney2017_E2172	732
Binney2017_E2174	732
Binney2017_E2175	732
Binney2017_E2183	732
Binney2017_E2184	732
Binney2017_E2186	732
Binney2017_E2187	732
Binney2017_E2188	732
Binney2017_E2189	732
Binney2017_E2190	732
Binney2017_E2196	732
Binney2017_E2199	732
Binney2017_E2200	732
Binney2017_E2206	732
Binney2017_E2207	732
Binney2017_E2208	732
Binney2017_E2214	732
Binney2017_E2218	732
Binney2017_E2220	732
Binney2017_E2221	732
Binney2017_E2223	732
Binney2017_E2224	732
Binney2017_E2225	732
Binney2017_E2230	732
Binney2017_E2232	732
Binney2017_E2233	732
Binney2017_E2234	732
Binney2017_E2237	732
Binney2017_E2239	732
Binney2017_E2241	732
Binney2017_E2242	732
Binney2017_E2243	732
Binney2017_E2244	732
Binney2017_E2246	732
Binney2017_E2247	732
Binney2017_E2248	732
Binney2017_E2251	732
Binney2017_E2252	732
Binney2017_E2254	732
Binney2017_E2255	732
Binney2017_E2333	732
Binney2017_E2334	732
Binney2017_E2335	732
Binney2017_E2336	732
Binney2017_E2397	732
Binney2017_E2399	732
Binney2017_E2400	732
Binney2017_E2512	732
Blyakharchuk_a1	733
Blyakharchuk_a2	733
Blyakharchuk_a3	733
Blyakharchuk_a4	733
Blyakharchuk_a5	733
Blyakharchuk_a6	733
Blyakharchuk_a7	733
Blyakharchuk_a8	734
Blyakharchuk_a9	734
Blyakharchuk_a11	733
Blyakharchuk_a12	733
Blyakharchuk_a13	733
Blyakharchuk_a14	733
Blyakharchuk_a15	733
Blyakharchuk_a16	733
Blyakharchuk_a17	733
Blyakharchuk_a18	733
Blyakharchuk_a19	733
Blyakharchuk_a20	733
Blyakharchuk_a21	733
Blyakharchuk_a22	733
Blyakharchuk_a23	733
Blyakharchuk_a24	733
Blyakharchuk_a25	733
Blyakharchuk_a26	733
Blyakharchuk_a27	733
Blyakharchuk_a28	733
Blyakharchuk_a29	733
Blyakharchuk_a29	735
Blyakharchuk_a30	733
Blyakharchuk_a31	733
Blyakharchuk_a32	733
Blyakharchuk_a33	733
Blyakharchuk_a34	733
Champvillair_a1	736
Champvillair_a2	736
Champvillair_a3	736
Champvillair_a4	736
Champvillair_a5	736
Champvillair_a6	736
Champvillair_a7	736
Champvillair_a8	736
Champvillair_a9	736
Champvillair_a10	736
Champvillair_a11	736
Champvillair_a12	736
Champvillair_a13	736
Champvillair_a14	736
Champvillair_a15	736
Champvillair_a16	736
Champvillair_a17	736
Champvillair_a18	736
Champvillair_a19	736
Champvillair_a20	736
Champvillair_a21	736
Champvillair_a22	736
Champvillair_a23	736
Champvillair_a24	736
Champvillair_a25	736
Champvillair_a26	736
Champvillair_a27	736
Colombaroli_a13	737
Colombaroli_a1	737
Colombaroli_a2	737
Colombaroli_a3	737
Colombaroli_a4	737
Colombaroli_a5	737
Colombaroli_a6	737
Colombaroli_a7	737
Colombaroli_a8	737
Colombaroli_a9	737
Colombaroli_a10	737
Colombaroli_a11	737
Colombaroli_a12	737
Colombaroli_a14	737
Colombaroli_a15	737
Colombaroli_a16	737
Colombaroli_a17	737
Colombaroli_a18	737
Colombaroli_a19	737
Colombaroli_a20	737
Colombaroli_a21	737
Colombaroli_a22	737
Colombaroli_a23	737
Colombaroli_a24	737
Colombaroli_a25	737
Desprat_a1	738
Desprat_a10	738
Desprat_a11	738
Desprat_a12	738
Desprat_a13	738
Desprat_a14	738
Desprat_a15	738
Desprat_a16	738
Desprat_a17	738
Desprat_a18	738
Desprat_a19	738
Desprat_a2	738
Desprat_a20	738
Desprat_a21	738
Desprat_a22	738
Desprat_a23	738
Desprat_a24	738
Desprat_a25	738
Desprat_a26	738
Desprat_a27	738
Desprat_a28	738
Desprat_a29	738
Desprat_a3	738
Desprat_a4	738
Desprat_a5	738
Desprat_a6	738
Desprat_a7	738
Desprat_a8	738
Desprat_a9	738
Di_Rita_a1	37
Di_Rita_a1	743
Di_Rita_a2	37
Di_Rita_a2	743
Di_Rita_a3	37
Di_Rita_a3	743
Di_Rita_a4	37
Di_Rita_a4	743
Di_Rita_a5	37
Di_Rita_a5	743
Di_Rita_a6	37
Di_Rita_a6	743
Di_Rita_a7	739
Di_Rita_a7	744
Di_Rita_a8	739
Di_Rita_a8	744
Di_Rita_a9	740
Di_Rita_a10	740
Di_Rita_a11	740
Di_Rita_a12	741
Di_Rita_a13	741
Di_Rita_a14	741
Di_Rita_a15	742
Di_Rita_a16	742
