publiid	doi	reference
1		Atanassova J (2007) Pollen deposition in moss polsters and pollen traps in the Central Stara Planina Mts (2002–2005). Phytologia Balcanica 13 (2):223-228
2		Vermoere, M., Vanhecke, L., Waelkens, M. and E. Smets (2001) Modern pollen studies in the territory of Sagalassos (Southwest Turkey) and their use in the interpretation of a late Holocene pollen diagram. Review of palaeobotany and Palynology 114: 29-56
3		van Zeist W. et al. 1968
4		Oldfield F. 1964
5		Munos Sobrino C. et al. 1997
6		Penalba M.C. 1994
7		Jalut G. et al. 1992
8		Davis B. 1994
9		No suitable reference found
10		Barboni et al 2004
11		Allen J.R.M. et al. 1996
12		Ramil Rego P. Aira Rodriguez J. 1993a
13		Daneck_et_al_2011
14		Bottema S. Woldring H. 1984
15		Mariscal B. 1993
16		Bozilova E. Beug H.-J. 1994
17		Bottema S. 1974
18		Bottema S. Barkoudah Y. 1979
19		Ramil Rego P. Aira Rodriguez M. J. 1993c
20		Brugiapaglia E. de Beaulieu J.-L. 1995
21		Mariscal Alvarez B. 1983
22		Sanchez Goni M. F. Hannon G.E. 1999
23		Jalut G. et al. 1988
24		Perez-Obiol R. 1988
25		Munoz Sobrino al. 2001
26		Munoz Sobrino C. et al. 2004
27		Filipova M. 1985
28		van Zeist W. Woldring H. 1978
29		Bottema S. 1979
30		Bjune et al, 2010 Boreas, 39, 674-688
31		Bunting, M.J. (2003) Pollen-based reconstruction of cultural landscapes: an investigation of pollen source area for non-arboreal taxa Review of Palaeobotany and Palynology 125 285-298.
32		Connor, S. 2011. A Promethean Legacy: late Quaternary vegetation history of Southern Georgia, the Caucasus. Ancient Near Eastern Studies S34. Peeters, Leuven.
33		Connor, S. E., Thomas, I., Kvavadze, E. V., Arabuli, G. J., Avakov, G. S., and Sagona, A. (2004). A survey of modern pollen and vegetation along an altitudinal transect in southern Georgia, Caucasus region. Review of Palaeobotany and Palynology 129, 229-250.
34		Araújo, J., Gomes, S. and Connor, S. 2011. Pollen–vegetation relationships in SW Iberia: preliminary results and implications for Quaternary research. XVIII INQUA Congress, Bern, 23 July 2011.
35		Thomas, I. 1999. The recent history of rangelands in Western Asia. People and Rangelands: IV International Rangelands Congress, Townsville, Australia.
36		Connor, S. E., Thomas, I., and Kvavadze, E. V. 2007. A 5600-year history of changing vegetation, sea levels and human impacts from the Black Sea coast of Georgia. The Holocene 17, 25-36.
37		Unpublished data.
38		Dambach, K. 2000: Ein Versuch zur Quantifizierung der gerodeten Landoberflache einzelner Landschaften Mitteleuropas mit Hilfe der Pollenanalyse. Dissertationes botanicae 336.
39		Kvavadze, E.V., and L.P. Rukhadze. 1989. Vegetation and climate of the Holocene of Abkhazia. Metsniereba, Tbilisi, Georgia, 138p (in Russian).
40		Noryskiewicz B. 1987
41		Jankovska V. et al. 2007
42		Milecka, K., and G. Kowalewski. 2003. Paleoecology of basins of organic sediment accumulation in the Reserve Dury. Studia Quaternary, vol.20:73-82.
43		Makohonienko, M. 2000. Przyrodnicza historia Gniezna. Prace Zakladu Biogeografii i paleoekologii. UAM. Homini. Poznan-Gniezno: 1-121.
44		Gilot, E., A.-V. Munaut, M. Coûteaux, J. Heim, P. Capron, and W. Mullenders. 1969. Datations 14C et palynologie en Belgique et dans les régions voisines. Bulletin de la Société Belge de Géologie, Paleontologie, Hydrologie 78(1):21-29.
45		Hicks_1971
46		Rösch, M. 1989. Pollenprofil Breitnau-Neuhof: Zum zeitlichen Verlauf der holozanen Vegetationsentwicklung im sudlichen Schwarzwald. Carolinea 47:15-24.
47		Rösch, M. 1997. Holocene sediment accumulation in the shallow water zone of Lower Lake Constance. Arch. Hydrobiol. /Suppl. 107 (Monographic Studies) 4:541-562.
48		Rösch, M. 2000. Long-term human impact as registered in an upland pollen profile from the southern Black Forest, southwestern Germany. Veget. Hist. Archaeobot. 9:205-218.
49		Rösch, M. 1983. Geschiste der Nussbaumer Seen (Kanton Thurgau) und ihrer Umgebung seit dem Ausgang der letzen Eiszeit-aufgrund quartärbotanischer, stratigraphischer und sedimentologischer Untersuchungen. Mitt. Thurgau. Naturforsch. Ges. 45 (Frauenfeld).
50		Giesecke, T. 2005. Holocene forest development in the central Scandes Mountains, Sweden. Vegetation History and Archaeobotany, 13:133-147.
51		Giesecke, T. 2005. Moving front or population expansion: How did Picea abies (L.) Karst. become frequent in central Sweden? Quaternary Science Reviews 24:2495-2509.
52		Giesecke, T. 2000. Pollenanalytische und sedimentchemische Untersuchungen zur natürlichen und anthropogenen Geschichte im Schlaubetal. Sitzungsberichte der Gesellschaft Naturforschender Freunde zu Berlin, Band 39:89-112.
53		Ortu, E., David, F. and Caramiello, R., 2005. Effet des parametres locaux sur le developpement de la vegetation dans le Vallon de St. Anna di Vinadio (Alpes Maritimes; Italie). Ecoscience, 12(1): 122-135.
54		Pokorn , P., and P. Kunes. 2009. Contributions to the European Pollen Database. 5. Kozlí (S. Bohemia, Czech Republic) Grana(2009)48:77-78.
55		Lazarova M. et al. 2009
56		López, P., J.A. López-Sáez, E.N. Chernykh, and P.E. Tarasov. 2003. Late Holocene vegetation history and human activity shown by pollen analysis of Novienki peat bog (Kargaly region, Orenburg Oblast, Russia) Veget Hist Archaeobot (2003 ) 12:75-82.
57		van der Knaap W.O. et al. 2000
58		Clerc, J. 1988. Recherches pollenanalytiques sur la paléo-écologie Tardiglaciaire et Holocène du Bas-Dauphiné. Ph.D. Dissertation. Université St. Jérôme, Marseille, France.
59		Kalis, A.J., W.O. van der Knaap, A. Schweizer, and R. Urz. 2006. A three thousand year succession of plant communities on a valley bottom in the Vosges Mountains, NE France, reconstructed from fossil pollen, plant macrofossils, and modern phytosociologica
60		van der Knaap, W.O., and B. Ammann. 1997. Depth-age relationships of 25 well-dated Swiss Holocene pollen sequences archived in the Alpine Palynological Data-Base. Revue de Paléobiologie 16(2):433-480.
61		Welten M. 1982
62		Muller_et_al_2007
63		Heeb, K., and M. Welten. 1972. Moore und Vegetationsgeschichte der Schwarzenegg und des Molassevorlandes zwischen dem Aaretal unterhalb Thun und dem obern Emmental. Mitteilungen der Naturforschenden Gesellschaft in Bern. (Neue Folge) 29:1-54.
64		Tonkov S. et al. 2008
65		Welten, M. 1982. Pollenanalytische Untersuchungen zur Vegetationsgeschichte des Schweizerischen Nationalparks. Ergebnisse der wissenschaftlichen Untersuchungen im Schweizerischen Nationalpark XVI/80:1-43.
66		Stefanova, I., and E. Bozilova. 1995. Studies on the Holocene history of vegetation in the Northern Pirin Mountains, southwestern Bulgaria. Pages 9-31 in ed. E. Bozilova and S. Tonkov, editors. Advances in Holocene Palaeoecology in Bulgaria, Sofia, Bulgar
67		Kremenetski, C.V., 1995. Holocene vegetation and climate history of southwestern Ukraine. Review of Palaeobotany and Palynology 85:289-301.
68		Ammann, K. 1976. Der Oberaargletscher im 18., 19. und 20. Jahrhundert. Zeitschrift für Gletscherkunde und Glazialgeologie XII (2):253-291.
69		Dapples F. et al. 2002
70		Welten M. 1982b
71		Ammann, B., and A.F. Lotter. 1989. Late-Glacial radiocarbon- and palynostratigraphy on the Swiss Plateau. Boreas 18:109- 126.
72		Hutteman H. Bortenschlager S. 1987
73		Berglund, B.E., M. Gaillard, and H. Göransson. 1991. The Bjäresjö area. Pages 167-174 in B.E. Berglund, editor. The cultural landscape during 6000 years in southern Sweden - the Ystad project. Ecological Bulletins 41.
74		Wahlmuller N. 1985
75		Bortenschlanger I. 1976
76		Seiwald A. 1980
77		Weirich J. Bortenschlanger S. 1980
78		Bortenschlager, S. 1970. Waldgrenz- und Klimaschwankungen im pollenanalytischen Bild des Gurgler Rotmooses. Mitt. ostalp. din. Ges. f. Vegetkde. 11:19-26.
79		Bortenschlanger S. 1984
80		"Bortenschlager, S. 1993. Das höchst gelegene Moor der Ostalpen ""Moor am Rofenberg"" 2760 m. Festschrift Zoller. Dissertationes Botanicae 196:329-334."
81		Hadorn, P. 1992. Vegetationsgeschichtliche Studie am Nordufer des Lac de Neuchâtel - Pollenanalytische Untersuchungen im Loclat, in der Bucht von Hauterive/Saint- Blaise und in den neolithischen Ufersiedlungen von Saint- Blaise/Bains des Dames. PhD Thesis
82		Rybnicek, K. 1974. Die vegetationsverhaltnisse der moore im sudlichen Teil der bohmisch-Mahrischen Hohe. Vegetace CSSR, Praha, A 6:1-236.
83		Arnold, M., K. Balaga, L. Chróst, Z. Churski, D. Demske, M. Dulinski, A. Gizinski, T. Goslar, I. Hajdas, A. Kentzer, K. Kepczynski, T. Kuc, M. Kuzniarski, R. Lingeman, B. Lacka, T. Madeyska, B. Marciniak, W. Marszelewski, T. Mieszczankin, A. Noryskiewicz,
84		Binka, K., A. Ciesla, B. Lacka, T. Madeyska, B. Marciniak, K. Szeroczynska, and K. Wieckowski. 1991. The development of Bledowo Lake (central Poland). A palaeoecological study. Pages 3-85 in T. Madeyska, editor. Pleistocene of Poland, Part 17, Studia Geol
85		Feurdean, A., and O. Bennike. 2004. Late Quaternary palaeoecological and palaeoclimatological reconstruction in the Gutaiului Mountains, northwest Romania. Journal of Quaternary Science 19(8):808-827.
86		Voigt, R. 1996. Paläolomnolische und vegetationsgeschichtliche Untersuchungen an Sedimenten aus Fuschlsee und Chiemsee (Salzburg und Bayern). Dissertationes Botanicae, Volume 270, pp. 303.
87		Nakagawa, T. 1998. Etudes palynologiques dans les Alpes Françaises centrales et méridionales: histoire de la végétation Tardiglaciaire et Holocène [Pollen studies in the central meridional French Alps: Lateglacial and Holocene vegetation history] PhD. Dis
88		Pulido, M. 2006. Conséquenses de l anthropisation sur la dynamique postglaciaire de la végétation dans le sud du Massif Central, France. [Anthropogenic impact on the postglacial vegetation dynamics in South Massif Central, France] Thesis of Palaeoecology.
89		Kühl, N. 1998. Pollenanalytische Untersuchungen zur Vegetations- und Siedlungsgeschichte in einem Kesselmoor bei Drangstedt, Ldkr. Cuxhaven. Probleme der Küstenforschung im südlichen Nordseegebiet 25:303-324. Mit 6 Tabellen und 7 Abbildungen.
90		Rösch, M. 2007. Botanical evidence for prehistoric and medieval land use in Black Forest. Medieval Rural Settlement in Marginal Landscapes. Ruralia VII, 8th-14th September 2007 Cardiff Wales, U.K.,335-343.
91		Finsinger, W., C. Bigler, U. Krähenbühl, A.F. Lotter, and B. Ammann. 2006. Human impacts and eutrophication patterns during the past ~200 years at Lago di Avigliana (N. Italy). Journal of Paleolimnology (2006) 36:55-67.
92		Mokkedem, Z., A. Baltzer, M. Clet-Pellerin, A.V. Walter-Simonnet, R. Bates, Y. Balut, C. Bonnot-Courtois. 2007. Fluctuations climatiques enregistrées depuis 20 000 ans dans le remplissage sédimentaire du loch Sunart (Nord-Ouest de l Ecosse) C.R. Geoscienc
93		Garnaud, S., P. Lesueur, M. Clet-Pellerin, S. Lesourd, T. Garlan, R. Lafite, and J.C. Brun-Cottan. 2003. Holocene to modern fine-grained sedimentation on macrotidal shoreface-to -inner-shelf setting (eastern Bay of the Seine, France). Marine Geology, 202:
94		Delsinne, N. 2005. Evolution pluri-millénaire à pluriannuelle du prisme sédimentaire d embouchure de la Seine. Facteurs de contrôle naturels et d origine anthropique. Thèse de doctorat, Département des Sciences, Université de Caen, 179+14p.
95		Reille, M., and J.-L. de Beaulieu. 1988. History of the Würm and Holocene vegetation in western Velay (Massif Central, France): a comparison of pollen analysis from three corings at Lac du Bouchet. Review of Palaeobotany and Palynology, 54 (1988):233-248.
96		Krisai, R., W. Mayer, C. Schröck, and R. Türk. 2006. Das Gradenmoos in der Schobergruppe (NP Hohe Tauern, Kärten) Vegetation und Entstehung. Carinthia II, 196/116:359-386.
97		Lespez, L., B. Hardel, M. Clet-Pellerin, R. Davidson, and C. Marcigny. 2005. Evolution des paysages du Néolithique à nos jours dans la péninsule de La Hague (Normandie, France), l exemple de l Anse St-Martin. Groupe de Recherches Archéologiques du Cotenti
98		Markgraf, V. 1969. Moorkundliche und vegetationsgeschichtliche Untersuchungen an einem Moorsee an der Waldgrenze im Wallis. Botanische Jahrbücher 89:1-63.
99		Billard, C., M. Clet-Pellerin, J.P. Lautridou, and M. Giffault. 1995. Un site protohistorique littoral dans le havre de la Vanlee à Lingreville et Bricqueville-sur-mer (Manche). Revue Archéologique Ouest, 12(1995):73-110.
100		Verron, G. 1977. Le marais de Marchésieux. Découvertes de l  âge du Bronze et étude palynologique des tourbes. Gallia Préhistoire, 20-2:370-374.
101		Clet-Pellerin, M., O. Dugué, and J.P. Lautridou. 2006. Seuil du Cotentin: sédiments plio-pléistocènes, comblement des marais. In: Livret-guide de l Excursion de l Association Française pour l Etude du Quaternaire en Normandie, 25-27 Mai 2006:32-37.
102		Coutard, S. 2003. Formations quaternaires en bordure d une mer épicontinentale, la Manche. Tectonique, eustatisme, climat et occupations humaines. Exemple du Val de Saire (Normandie, France) Thèse de Doctorat, Université de Caen, UFR Sciences, 446p.
103		Lespez, L., M. Clet-Pellerin, R. Davidson, G. Hermier, V. Carpentier, and J.M. Cador. 2010. Middle to Laye Holocene landscape changes and geoarchaeological implications in the marshes of the Dives estuary (NW France). Quaternary International 216:23-40.
104		El Hamouti, N., H.F. Lamb, J.C. Fontes, and F. Gasse. 1991. Changements hydroclimatiques abrupts dans le Moyen Atlas marocain depuis le dernier maximum glaciaire. Comptes-Rendus de l Académie des Sciences, Paris 313, 2, 259-265.
105		Voeltzel, D. 1987. Recherches pollenanalytiques sur la vegetation holocene de la plaine alluviale de l estuaire de la Loire et des coteaux environnants. Ph.D. Dissertation, Aix-Marseille, France.
106		Szczepanek, K. 2001. Anthropogenic vegetation changes in the region of the Dukla Pass, the Lower Beskid Mountains. Polska Akademia Umiejetnosci. Prace Komisji Prehistorii Karpat 2:171-182.
107		Hyvärinen, H. 1976. Flandrian pollen deposition rates and tree-line history in northern Fennoscandia. Boreas 5:163-175.
108		Tantau, I. 2003. Pollen analytic researches in the Eastern Romanian Carpathians. History of vegetation and human impact Thesis of environmental Sciences, Paleontology and Stratigraphy. Aix-Marseille III University and Babes-Bolyai of Cluj-Napoca Universit
109		Göransson, H. 1989. Dags Mosse-Östergötlands förhistoriska kalender. Svensk Botanisk Tidskrift 83:371-407.
110		Bennett, K., S. Boreham, M.J. Sharp, and V.R. Switsur. 1992. Holocene history of environment, vegetation and human settlement on Catta Ness, Lunnasting, Shetland. Journal of Ecology 80:241-273.
111		Nilsson, T. 1964. Standard pollen diagramme und C14 datiengen aus dem Ageröds mosse in mittleren schonen. Lunds Universitets Årsskrift N.F. 2, 59(7):1-52.
112		Mitchell, F.J.G. (1988). The vegetational history of the Killarney oak woods southwest Ireland: evidence from fine spatial resolution pollen analysis. Journal of Ecology 76:415-436.
113		Zernitskaya, V.P. 1991. Palaeogeography of the Byelorussian Polessie in the Late Glacial and Holocene. Ph.D. Dissertation. Minsk University, Minsk, Byelorrussia.
114		Behre, K.E., and D. Kucan. 1986. Die Reflektion archäologisch bekannter Siedlungen in Pollendiagrammen verschiedener Entfernung. - Beispiele aus der Siedlungskammer Flögeln, Nordwestdeutschland. Pages 95-114 in K.-E. Behre, editor. Anthropogenic indicator
115		Krisai, R., B. Burgstaller, U. Ehmer-Künkele, R. Schiffer, and E. Wurm. 1991. Die Moore des Ost-Lungaues - Heutige Vegetation, Enstehung, Waldgeschichte ihrer Umgebung. Sauteria, 5:1-240. 8 maps. Institut für Botanik, Salzburg.
116		Berglund, B.E. 1966. Late-Quaternary vegetation in eastern Blekinge, south-eastern Sweden. Opera Botanica 12(1):3-180.
117		Königsson, L.K. 1984. [German title]. Dissertationes Botanicae 72.
118		Digerfeldt, G. 1977. The Flandrian development of Lake Flarken. Regional vegetation history and palaeolimnology. University of Lund Department of Quaternary Geology. Report 13:1-101.
119		Kepczynski, K., and B. Noryskiewicz. 1968. Roslinnosc i historia torfowiska Fletnowo w pow. grudziadzkim (Zusammenfassung: Flora und Geschichte des Moores Fletnowo in dem Kreise Grudziadz). Zesz. Nauk. UMK w Toruniu 21(XI):50-95.
120		Behre, K.E., 1976. Pollenanalytische Untersuchungen zur Vegetations- und Siedlungsgeschichte bei Flögeln und im Ahlenmoor (Elb-Weser-Winkel). Probleme der Küstenforschung 11:101-118. Hildesheim, Germany.
121		Clet, M., M. Helluin, J. Pellerin, J. Pilet-Lemiere, and M. Fontugne. 1993. L evolution des environnements végétaux pendant les deux derniers millénaires dans la region de Fougers (Ille-et-Vilaine, France). Palynosciences 2:39-55.
122		Visset, L. 1979. Recherches palynologiques sur la végétation Pleistocène et Holocène de quelques sites du district phytogéographique de Basse-Loire. Ph.D. Dissertation. Marseille, France.
123		Kimmel, K., R. Pirrus, and A. Raukas. 1999. Holocene deposits. In Lake Peipsi: Geology (Miidel, A. and Raukas A., eds), pp.42-52. Sulemees Publishers, Tallinn.
124		Barbier_and_Visset_2000
125		Milecka, K. 1991. Pollen analysis of lake sediments in Giecz - The state of the investigation. Pages 147-150 in K. Tobolski, editor. Wstep do paleoecologii lednideiego parku Krajobvazowego.
126		Rybnicková, E., and K. Rybnicek. 1979. Syngenesis of Polygalo Nardetum strictae preissing. Pages 23-31 in Rychnovska, editor. Progress report on MAB Project number 91: Function of grassland in spring region. Brno, Czech Republic.
127		Elina, G.A., and L.V. Filimonova. 1987. Late-Glacial vegetation on the territory of Karelia. Pages 53-69 in A. Raukas and L. Saarse, editors. Palaeohydrology of the temperate zone III. Mires and lakes. Valgus, Tallinn, Estonia.
128		Hall, V.A. 1989. A comparative study of the palynology and regional history of some sites in the north of Ireland. Ph.D. Dissertation. Queen s University, Belfast, Northern Ireland, United Kingdom.
129		Yll, E.-I., R. Pérez-Obiol, J. Pantaleon-Cano, and J.-M. Roure. 1997. Palynological evidence for climatic change and human activity during the Holocene on Minorca (Balearic Islands). Quaterny Research 48:339-347.
130		Khomutova, V. 1989. Paleogeography and biostratigraphy of lake sediments from forest zone of European part of USSR by spore-pollen data [in Russian]. Ph.D. Dissertation. Specialization 11.00.04 - geomorphology and evolution geography. Leningrad, USSR.
131		Bottema, S. 1974. Late Quaternary vegetation history of northwestern Greece. Ph.D. Dissertation. University of Groningen, Groningen, The Netherlands.
132		Asplund, H., and I. Vuorela. 1989. Settlement studies in Kemiö - archaeological problems and palynological evidence. Fennoskandia Archaeologica 6:67-79.
133		Szczepanek, K. 1987. Late-Glacial and Holocene pollen diagrams from Jasiel in the low Beshid Mountains, the Carpathians. Acta Palaeobotanica 27(1):9-26.
134		Jankovská, V. 1980. Paleogeobotaische Rekonstruction der Vegetationsertwicklurg im Becker Trebonska parev wehrend des Spetglazials und Holozens. Vegetace CSSR. (A11).
135		Vuorela, I. 1981. The vegetational and settlement history in Sysmä, central south Finland, interpreted on the basis of two pollen diagrams. Bulletin of the Geological Society of Finland 53(1):47-61.
136		"Rankama, T., and I. Vuorela. 1988. Between inland and coast in Metal Age Finland - human impact on the premeval forests of Southern Ha""me during the Iron Age. Memoranda Societatis Pro Fauna et Flora Fennica 64:25-34."
137		Hicks, S. 1975. Variations in pollen frequency in a bog at Kangerjoki, N.E. Finland during the Flandrian. Commentationes Biologicae 80:4-28.
138		Zeist, W. van, H. Woldring, and D. Stapert. 1975. Late quaternary vegetation and climate of southwestern Turkey. Palaeohistoria 17:53-144.
139		Panova, N.K. 1997. Palinologicheskoe issledovanie Karasieozerskogo torfyanika na srednem Urale [Palynological study of Karasieozerskiy peatland on Middle Ural]. Pages 28-31 in Issledovanie lesov Urala. Materialy nauchnykh chteniy posvyaschennykh pamyati B
140		Renberg, I., and U. Segerström. 1981. The initial points on a shoreline displacement curve for southern Västerbotten, dated by varve-counts of lake sediments. Striae 14:174-176.
141		Elina, G.A. 1981. Principles and methods for reconstruction and mapping of Holocene vegetation [in Russian]. Leningrad, Nauka, 159 p.
142		McKeever, M.H. 1984. Comparative palynological studies of two lake sites in western Ireland and northwestern Spain. Thesis. Trinity College, Dublin, Ireland.
143		Hicks, S. 1988. (in Finnish). Oulun yliopisto historian laitos eripainossarja 202:35-88.
144		Sarmaja-Korjonen, K., Y. Vasari, and C.-A. Haeggström. 1991. Taxus baccata and influence of Iron Age man on the vegetation in Åland, SW Finland. Annales Botanici Fennici 28:143-159.
145		Regnéll, J. 1989. Vegetation and land use during 6000 years. Palaeoecology of the cultural landscape at two lake sites in southern Skane, Sweden. Ph.D. Dissertation. Lund University, Lund, Sweden.
146		Kremenetski, C.V., T. Vaschalova, S. Goriachkin, A.E. Cherkinsky, and L.D. Sulerzhitsky. 1997. Holocene pollen stratigraphy and bog development in the western part of the Kola Peninsula, Russia. Boreas 26:91-102.
147		Huttunen, A., R. Huttunen, Y. Vasari, H. Panovska, and E. Bozilova. 1992. Late Glacial and Holocene history of flora and vegetation in the Western Rhodopes Mountains Bulgaria. Acta Botanica Fennica 144:63-80.
148		Kvavadze, E.V., and Yu.V. Efremov. 1990. The results of palynogical studies of the Holocene deposites in the highlands of the Lagodekhi Reservation (Eastern Georgia). Bulletin of the Georgian Academy of Sciences 139(3):641-644.
149		Vuorela, I. 1990. (in Finnish). Helsingfors :115-133.
150		Allen, J.R.M., B. Huntley, and W.A. Watts. 1996. The vegetation and climate of northwest Iberia over the last 14,000 years. Journal of Quaternary Science 11:125-147.
151		Bjune, A.E., H.J.B. Birks, and H. Seppä. 2004. Holocene vegetation and climate history on a continental-oceanic transect in northern Fennoscandia based on pollen and plant macrofossils. Boreas. Vol. 33:211-223.
152		Birks, H.H. 1975. Studies in the vegetational history of Scotland. IV. Pine stumps in Scottish blanket peats. Philosophical Transactions of the Royal Society of London, B 270:181-226.
153		Litt, T., and K. Tobolski. 1991. Beiträge zur postglazialen Vegetaionsgeschichte im Lednica-Gebiet (in Polish with German summary). Pages 57-61 in K. Tobolski, editor. Wstep do paleoekologii Lednickiego Parku Krajobrazowego. University Press, Poznan, Pola
154		Bjune, A.E. 2004. Holocene vegetation history and tree-line changes on a north-south transect crossing major climate gradients in southern Norway: evidence from pollen and plant macrofossils in lake sediment. Review of Paleobotany and Palynology 133 (2005
155		Almquist-Jacobson, H. 1994. Interaction of the Holocene climate, water balance, vegetation, fire, and cultural land-use in Swedish Borderland. Lundqua Thesis 30:1-82.
156		Dickson, J.H., D.A. Stewart, M.S. Baxter, N.D. Drndarsky, R. Thompson, G. Turner, and J. Rose. 1978. Palynology, palaeomagnetism and radiometric dating of Flandrian marine and freshwater sediments of Loch Lomond. Nature 274(5671):548-553.
157		Hyvärinen, H. 1975. Absolute and relative pollen diagrams from northernmost Fennoscandia. Fennia 142:1-23.
158		Hall, V.A. 1990. Recent landscape history from a County Down lake deposit. New Phytologist 115:377-383.
159		Kvavadze, E.V., Yu.V. Efremov, G.V. Bukreeva, and V.V. Akatov. 1994. Palynological characteristic of the series of lacustrine and paludal deposites of the Holocene in the headwaters of the Zakan river (Western Caucsus). Bulletin of the Georgian Academy of
160		Coûteaux, M. 1969. Recherches palynologiques en Gaume, au Pays d Arlon, en Ardenne méridionale (Luxembourg belge) et au Gutland (Grand-Duché de Luxembourg). Acta Geographica Lovaniensia 8:193.
161		Bozilova, E., and S. Tonkov. 1985. Vegetational development in the mountainous areas of SW Bulgaria. I. Palynological investigation and reconstruction of past vegetation. Ecologia Mediterranea 9:33-37.
162		Kelly, M.G., and B. Huntley. 1991. An 11000 year record of vegetation and environment from Lago di Mortignara, Latium, Italy. Journal of Quaternary Science 6(3):209-224.
163		Filipovitch, L. 1985. Palynological studies of peat bogs on the southern slopes of Vitosha mountain. Forest Science 2:3-16.
164		Jankovská, V. 1987. Entwicklung des Moores Mokré Louky bei Trebon im postglazial (palaookoligische Studie). Folia Geobotanica and Phytotaxonomica 22:199-216.
165		Watts, W.A. 1985. A long pollen record from laghi di Monticchio, southern Italy. Journal of the Geological Society 142:491-499.
166		Huntley, B. 1976. The past and present vegetation of Morrone Birkwoods and Caenlochan National Nature Reserves. Dissertation. University of Cambridge, Cambridge, England, United Kingdom.
167		Eronen, M., and H. Hyvärinen. 1982. Subfossil pine dates and pollen diagrams from northern Fennoscandia. Geologis. Fören. i Stockholm Föhand. 103:437-455.
168		Panovska, H., E. Bozilova, and S. Tonkov. 1990. Late Holocene vegetational history in the western part of Belasitza Mt. Aristote Univ. Press. Thessaloniki. Ed. Sotiriadis Lazaros 2:1-7.
169		Atanassova, J. 1995. Dinoflagelate cysts of Late Quaternary and recent sediments from the western Black sea. Annual of Sofia University, Faculty of Biology 87(2):17-28.
170		Gunova, V.S. 1975. Istoriya ozera Nero po palinologicheskim dannym [The history of Lake Nero by the pollen record]. Moscow State University.
171		Sarv, A., and E.O. Il ves. 1976. Geochronological subdivision of Holocene bog-lacustrine deposits in south-western Estonia. Pages 47-59 in T.D. Bartosh, editor. Palinologicheskie issledovaniya v izuchenii kontinental nykh i donnykh otlozhenij Pribaltiki i
172		Khomutova, V. 1976. Geochronology of bottom sediments by palynological data [in Russian]. Pages 45-67 in Palinologiya Onezhskogo ozera [Palynology of Onego Lake]. Nauka, Leningrad, USSR.
173		Kvavadze, E.V., L.P. Rukhadze, P.R. Tretyak, and L.V. Petrenko. 1987. On the migration on high-mountain vegetation belts in the late Holocene in the valley of the Amtqel river (Abkazia). Bulletin of the Georgian Academy of Sciences 125(2):421-424.
174		Bernard, J. 1996. Paléoenvironnement du Pays de Retz et du marais breton-vendéen. Thèse de Doctorat, Université de Nantes, vol. I, texte: 190p., vol. II, illustrations: 55p.
175		Watson, C.S. 1996. The vegetational history of the northern Apennines, Italy: information from three new sequences and a review of Regional vegetational change. Journal of Biogeography 23:805-841.
176		Jankovská, V. 1989. The evolution of Late-Glacial and Holocene vegetation in the vicinity of Svetla nad Sazavou (in the western Forland of the Bohemian-Moravian uplands). Folia Geobotanica and Phytotaxonomica 24(4):337-448.
177		de Beaulieu, J.-L. 1977. Contribution pollenanalytique à l histoire tardiglaciaire et Holocène de la végétation des Alpes méridionales françaices. Ph.D. Dissertation. Université d Aix-Marseille, Marseille, France.
178		Birks, H.H. 1970. Studies in the vegetational history of Scotland I. Pollen diagram from Abernethy Forest, Inverness-shire. Journal of Ecology 58:827-846.
179		Vuorela, I. 1990. (in Finnish). Geologian tutkimuskeskus, raportti. 21p.
180		Obidowicz, A. 1988. The Puscizna Rekowianska raised bog. Pages 87-90 in L. Starkel, J. Rutkowski, J., and M. Ralska-Jasiewiczowa, editors. Lateglacial and Holocene environment changes: Vistula Basin 1988. Excursion Guide Book - Symposium, AGH, Cracow, Pol
181		Kvavadze, E.V., and Yu.V. Efremov. 1996. Palynological studies of lake and lake-swamp sediments of the Holocene in the high mountains of Arkhys (Western Caucasus). Acta Palaeobotanika 36(1):1996.
182		Pirrus, R., A.-M. Rouk, and A. Liiva. 1987. Geology and stratigraphy of the reference site of Lake Raigastvere in Saadjärv drumlin field. Pages 101-122 in A. Raukas and L. Saarse, editors. Palaeohydrology of the temperate zone II. Lakes. Valgus, Tallinn,
183		Digerfeldt, G. 1973. The post-glacial development of the bay Ranviken, Lake Immeln, I Regional vegetation history, II Water level changes. University of Lund Department of Quaternary Geology Report 1:1-59.
184		Rybnicková, E., and K. Rybnicek. 1985. Palaeogeobotanical evaluation of the Holocene profile from the Rezabinec fishpond. Folia Geobotanica and Phytotaxonomica 20:419-437.
185		Lotter, A.F. 1988. Paläoökologische und paläolimnologische Studie des Rotsees bei Luzern. Pollen-, grossrest-, diatomeen- und sedimentanalytische Untersuchungen. Dissertationes Botanicae 124:1-187.
186		Birks, H.J.B. 1973. Past and Present Vegetation of The Isle of Skye: A Palaeoecological Study. Cambridge University Press, London, England, United Kingdom.
187		Hicks, S. 1974. A method of using modern pollen rain values to provide a time-scale for pollen diagrams from peat deposits. Memoranda Soc. Fauna Flora Fennica 49:21-33.
188		Tobolski, K. 1991. (Polish). Pages 11-34 in K. Tobolski, editor. Wstep do paleoecologii lednideiego parku Krajobvazowego.
189		Tobolski, K. 1990. Paläoökologische Untersuchungen des Siedlungsgebietes im Lednica Landschaftspark (Nordwestpolen). Offa 47:109-131.
190		Pantaleon-Cano, J. 1997. Estudi palinologic de sediments litorals de la provincia d Almeria. Transformacion del paisatge vegetal dins un territori semiarid. PhD thesis. Universitat Autònoma de Barcelona, Barcelona, Spain.
191		Hicks, S. 1975. New evidence for the presence of prehistoric man in the Kuusamo area. Nordia 1:1-16.
192		Kvavadze, E.V., and Yu.V. Efremov. 1995. Palynological studies of Holocene lake sediments in the headwaters of the river Bezymianka (West Caucasus). Acta Palaeobotanika 34(2):205-214.
193		Vuorela, I. 1991. Karhunhammas 13:2-23.
194		Pennington, W. 1975. A chronostratigraphic comparison of late Weichselian and late Devensian subdivisions illustrated by two radiocarbon dated profiles from western Britain. Boreas 4:157-171.
195		Bradshaw, R.H.W., and E. McGee. 1988. The extent and time-course of mountain blanket peat erosion in Ireland. New Phytologist 108:219-224.
196		Smith, A.G., and I.C. Goddard. 1991. A 12500 years record of vegetational history at Sluggan Bog, County Antrim, Northern Ireland (incorporating a pollen zone scheme for the non-specalist). New Phytologist 118:167-187.
197		De Valk, E.J. 1981. Late Holocene and present vegetation of the Kastelberg (Vosges, France). Ph.D. Dissertation. University of Utrecht, Utrecht, The Netherlands.
198		Diot, M.F., and J.P. Tastet. 1995. Paleo-environnements Holocenes et limites chrono-climatiques enregistres dans un marais estuarien de la Gironde (France). Quaternaire 6(2):63-75.
199		Odgaard, B.V. 1988. Heathland history in western Jutland, Denmark. Pages 311-319 in H.H. Birks, H.J.B. Birks, P.E. Kaland, amd D. Moe, editors. The Cultural landscape - Past, Present and Future. Cambridge, United Kingdom.
200		Zeist, W. van. 1963. Recherches palynologiques en Bretagne Occidentale. Congrès Préhistorique de France, Rennes 37:5-19.
201		Lazarova, M.A. 1995. Human impact on the natural vegetation in the region of Lake Srebarna and mire Garvan (northeastern Bulgaria). Palynological and Palaeoethnobotanical evidence. Pages 47-67 in E. Bozilova and S. Tonkov, editors. Advances in Holocene Pa
202		Noryskiewicz, B. 1982. Lake Steklin a reference site for the Dobrzyn-Chelmno Lake District, northern Poland: Report on palaeoecological studies for the IGCP Project Number 158B. Acta Palaeobotanica 22(1):65-83.
203		Bozilova, E., and A.G. Smith. 1979. Palynology of lake Sucho Ezero from South Rila Mountain (Bulgaria). Phytologia 11:54-67.
204		Svobodova, H. 1989. A reconstruction of natural environment and settlement in the environs of Mistrin. A palynological study [in Czech]. Pamatky archeologicke 80:188-206.
205		Bogdel, I.I. 1984. Razvitie prirody Belorrussii v golotsene [Holocane environmental changes of Byelorussia]. Cond. Dissertation, Belarusskii Universety, 192p.
206		Gil, E., A. Kotarba, and K. Szczepanek. 1972. The site II-3:T landslide at Szymbark-Kamionka. Excursion Guide Book, INQUA Holocene Symposium 1 (Poland):42-45.
207		Ralska-Jasiewiczowa, M. 1972. Remarks on the late-glacial and Holocene history of vegetation in the eastern part of Po Carpathians. Ber. Deutsch. Bot. Ges. 85(1-4):101-112.
208		Pennington, W. 1977. The Late Devensian flora and vegetation of Britain. Philosophical Transactions of the Royal Society of London, Series B 280:247-271.
209		Harmata, K. 1987. Late-Glacial and Holocene history of vegetation at Roztoki and Tarnowiec near Jaslo (Jaslo-Sanok Depression). Acta Palaeobotanica 27(1):43-65.
210		Turner, J., and J.R.A. Greig. 1975. Some Holocene pollen diagrams from Greece. Review of Palaeobotany and Palynology 20:171-204.
211		Pantaleon-Cano, J., R. Pérez-Obiol, and J.-M. Roure. 1994. La representacion del paisaje vegetal del area de Barcelona durante en ultimo milenio a partir del analisis polinico de sedimentos marinos del delta del rio Besos datados por 210Pb Pages 211-223 i
212		Nagy-Bodor, E., T. Cserny, and E. Nagy. 1995. Unpublished report on the study performed for the European Pollen Database.
213		Penalba, M.C. 1989. Dynamique de vegetation Tardiglaciaire et Holocene du centre-nord de l Espagne d après l analyse pollinique. Ph.D. Dissertation. Université d Aix-Marseille, Marseille, France.
214		Krisai, R. 1975. Die Ufervegetation der Trumer Seen (Salzburg). Dissertationes Botanicae 29:1-202.
215		Hansson, A.-M., S. Hiie, K. Kihno, R. Masauskaité, D. Moe, V. Seiriené, and N. Torske. 1996. A vegetation historical study of Johvikasoo, an ombrogenous mire at Tuiu, Saaremaa, Estonia. PACT 51:39-55.
216		Kabailiene, M. 1979. The essentials of applied palynology [in Lithuanian]. Mokslas, Vilnius, Lithuania.
217		Verbruggen, C. 1979. Paleoecologische en palynlogische benadering van enkele bekende historisch-geografisch problemen in Vlaaderen. Bronnen voor de historisch geografie van Belgie. Handelingen van het Colloquium te Brussel, 25-27-IV:487-497.
218		Panova, N.K., V.I. Makovsky, and N.G. Erokhin. 1996. Golotsenovaya dinamika rastitelnosti v raione Krasnoufimskoi stepi [Holocene dynamics of vegetation in Krasnoufimskaya forest-steppe area]. Pages 80-93 in Lesoobrazovatelnyi protses na Urale i v Zaurali
219		van Zeist, W., and H. Woldring. 1978. A postglacial pollen diagram from Lake Van in east Anatolia. Review of Palaeobotany and Palynology 26:249-276.
220		Peichlova, M. 1979. Historie vegetace Broumovska. Kandidat. Dissert. Inst. Bot. Acad. Sci. Pruhonice.
221		Saarse, L., E. Vishnevskaya, and A. Sarv. 1990. Geological development of lakes, Island Saaremaa. Proceedings of the Estonian Academy of Science, Biology 39(1):34-45. (In Russian, with English summary).
222		Waller, M.P. 1994. The Fenland Project, Number 9: Flandrian environmental change in Fenland. East Anglian Archaeology Monograph No.70.
223		Shopov, V.S., E. Bozilova, and J. Atanassova. 1992. Biostratigraphy and radiocarbon data of upper quaternary sediments from the western part of the Black Sea. Geologica Balcanica 22(2):59-70.
224		Huttunen, A. 1990. Vegetation and palaeoecology of a bog complex in southern Finland. Aquilo ser. Bot. 28:27-37.
225		Bozilova, E., and H.J. Beug. 1992. On the Holocene history of vegetation in SE Bulgaria (Lake Arkutino, Ropotamo region) Vegetation History and Archaeobotany 1(1):19-32.
226		Rybnicková, E. 1982. Absolute C14 dates of the profiles from the Zbudovska Blata marshes (southern Bohemia). Folia Geobotanica and Phytotaxonomica 17:99-100.
227		Rybnicková, E., K. Rybnicek, and V. Jankovská. 1975. Palaeoecological investigation of burried peat profiles from the Zbudovska Blata marshes, southern Bohemia. Folia Geobotanica and Phytotaxonomica 10:157-178.
228		Rybnicek, K., and E. Rybnicková. 1977. Mooruntersuchung im ob oberen. Folia Geobotanica and Phytotaxonomica 12:245-291.
229		Panova, N.K. 1982. Istoria gornykh lesov tsentral noi chasti Yuzhnogo Urala v golotsene [History of mountain forests in central part of Southern Ural during the Holocene]. Lesovedinie 1:26-34.
230		Birks, H.J.B., and W. Williams. 1983. Late-Quaternary vegetational history of the Inner Hebrides. Proceedings of the Royal society of Edinburgh 83B:269-292.
231		Stebich, M., and T. Litt. 1997. Das Georgenfelder Hochmoor ein Archiv fur Vegetations. Siedlungs und Bergbaugeschichte. Leipziger Geowissenschaften 5:209-216. Leipzig.
232		Seppä, H. 1996. Post-glacial dynamics of vegetation and tree-lines in the far north of Fennoscandia. Fennia 174:1-96.
233		Latalowa, M. 1989. Type region P-u: Baltic Shore, W. Part, Wolin Island. In: M. Ralska-Jasiewiczowa, editor. Environmental Changes recorded in lakes and mires of Poland during the last 13,000 years. Part III. Acta Palaeobotanica 29(2):115-120.
234		Sánchez-Goñi, M.F. 1995. Analyse palynologique de l Etang d Ouveillan Pages 265-275 in I. Guilaine, editor. Temps et espace da ns le bassin de l Aude du Neolithique a l Age du Fer, CNRS.
235		Muller_et_al_1999
236		Muller_et_al_2000
237		Latalowa, M. 1982. Major aspects of the vegetational history in the Eastern Baltic coastal zone of Poland. Acta Palaeobotanica 22(1):47-63.
238		Oeggl, K. 1988. Beiträge zur Vegetationgeschichte Tirols VII: Das Hochmoor Schwemm bei Wachsee. Ber. net.-med. Verein Innsbruck 75:37-60.
239		Litt, T., and M. Stebich. 1999. Bio- and chronostratigraphy of the lateglacial in the Eifel region, Germany. Quaternary International 61:5-16.
240		Seppä, H., and H.J.B. Birks. 2001. July mean temperature and annual precipitation trends during the Holocene in the Fennoscandia tree-line area: pollen based climate reconstruction. The Holocene 11(5):527-539.
241		Dörfler, W. 1989. Pollenanalytische Untersuchungen zur Vegetations- und Siedlungsgeschichte im Süden des Landkreises Cuxhaven, Niedersachsen. Probleme der Küstenforschung im südlichen Nordseegebiet 17:1-75.
242		de Beaulieu, J.-L., A. Pons, and M. Reille. 1982. Recherches pollenanalytiques sur l histoire de la végétation de la bordure nord du Massif du Cantal (Massif-Central, France). Pollen et Spores 24(2):251-300.
243		Nilssen, E.J. 1983. Ph.D. Dissertation. Institute of Biology and Geology, University of Tromso, Tromso, Norway.
244		Chernavskaya, M.M., and G.A. Fogel. 1989. Climatic change in the south-western part of the USSR during Golocen [in Russian]. Doklady AN SSSR 307(6):1474-1477.
245		Janssen, C.R., and R.E. Wolderingh. 1981. A preliminary radiocarbon dated pollen sequence from the Serra da estrela, Portugal. Finisterra 16(32):299-309.
246		Pennington, W., E.Y. Haworth, A.P. Bonny, and J.P. Lishman. 1972. Lake sediments in northern Scotland. Philosophical Transactions of the Royal Society of London, Series B 264:191-294.
247		Barbier, D. 1999. Histoire de la vegetation du nord- Mayennais de la fin du Weichselien à l aube du XXIeme siècle. Mise en évidence d un Tardiglaciaire armoricain Interactions Homme-Milieu. Ph.D. Dissertation, Nantes, France.
248		Szczepanek, K. 1961. Polanoglacjalna i holocenaska historia rosalinnoasci Gor swietokrzyskich [in Polish: The history of the Late Glacial and Holocene vegetation of the Holy Cross Mountains]. Acta Palaeobotanica 2(2):3-45.
249		Burjachs, F., R. Pérez-Obiol, J.-M. Roure, and R. Julia. 1994. Dinamica de la vegetation durante el Holoceno en la isla de Mallorca. Pages 199-210 in X Simposio de Palinologia (APLE), Valencia, Spain.
250		Poska, A. 1994. Three pollen diagrams from coastal Estonia. Licentiat thesis. Univ. Uppsala, Kvartärgeologiska Avdelningen, No. 170.
251		Lemdahl, G., and B. Liedberg Jönsson. 1988. A late Weichselian palaeoenvironmental reconstruction based on biostratigraphic studies at a site in southwest Skane, southern Sweden. Lundqua Thesis 24:1-26.
369		Hall, V.A., S.J. McVicker, and J.R. Pilcher. 1994. Tephra-linked landscape history around 2310 BC of some sites in Counties Antrim and Down. Proceedings of the Royal Irish Academy, Biology and Environment 94B(3):245-253.
252		Gauthier, E. 2001. Evolution de l impact de l homme sur la végétation du massif jurassien au cours des quatre derniers millénaires. Nouvelles données palynologiques. Thése de doctorat, Archéologie-Préhistoire Besançon, Université de Franche-Comté, UFR des
253		Brugiapaglia, E. 1996. Dynamique de la végétation tardiglaciaire et holocène dans les Alpes Italiennes nord-occidentales. Unpublished thesis, Marseille, France.
254		Jones_et_al_1989
255		Stevenson_and_Rhodes_2000
256		Watts, W.A., J.R.M. Allen, and B. Huntley. 1996. Vegetation history and palaeoclimate of the last glacial period at Lago grande di Monticchio, southern Italy. Quaternary Science Reviews 15:133-153.
257		Ralska-Jasiewiczowa, M. 1966. Bottom sediments of the Mikolajki Lake (Masurian Lake District) in the light of palaeobotanical investigations [in Polish with English summary]. Acta Palaeobotanica 7(2):3-118.
258		Sarv, A., and E.O. Il ves. 1975. Über das Alter der holozänen Ablagerungen im Mündungsgebiet des Flusses Emajogi (Saviku). (In Russian.) Eesti NSV Teaduste Akademia, Toimetised, Keemia Geol. 24(1):64-69.
259		Mariscal, B. 1986. Analisis polinico de la turbera del Pico del Sertal de la sierra de Pena Labra. Reconstrucion de la paleoflora y de la climatologia durante el Holoceno en la zona oriental de la cordillera cantabria. Quaternary climate in Western Medite
260		Filipovitch, L. 1977. Palynological data for the postglacial distribution of Juglans in the composition of Bulgarian flora. Phytology 6:32-37.
261		Lotter, A.F., and J. Fischer. 1991. Vegetation und Flora im Gebiet des Aegelsees (Berner Oberland) im Wandel der Zeit: Vergangenheit, Gegenwart und Zukunft. Mitteilungen der Naturforschenden Gesellschaft Bern N.F. 47:77-103.
262		Bottema, S. 1987. Chronology and climatic phases in the near east from 16,000 to 10,000 BP. Pages 295-310 in O. Aurenche, J. Evin, and F. Hours, editors. Chronologies in the Near East. Oxford, United Kingdom.
263		Shotyk_1996,1997
264		Zachowicz J. et al 1982
265		Miotk, G., 1986. Badania palinologiczne osadow z polnocnego obrzeza jeziora Godziszewskiego kolo Tczewa/woj. gdanskie Fizjograficzne na Polska Zach. T.XXXVI, Seria A, Geogr.Fiz.: 123-135.
266		Brayshay, B.A., Gilbertson, D.D., Kent, M., Edwards, K.J., Wathern, P. and Weaver, R.E. 2000. Surface pollen-vegetation relationships on the Atlantic seaboard: South Uist, Scotland. Journal of Biogeography, 27, 359-378
267		Ejarque, A.; Miras, Y.; Riera, S. 2011 Pollen and non-pollen palynomorph indicators of vegetation and highland grazing activities obtained from modern surface and dung datasets in the Eastern Pyrenees. Review of Palaeobotany and Palynology 167: 123-139
268		Davies, C.P. & Fall, P.L. (2001) Modern pollen precipitation from an elevational transect in central Jordan and its relationship to vegetation. Journal of Biogeography 28, 1-16.
269		Waller, M.P., Grant, M.J. and Bunting, M.J. (in prep.) Identifying woodland management in the pollen record: the influence of coppicing. To be submitted to Journal of Ecology.
270		Grant, M.J. (2005). The Palaeoecology of Human Impact in the New Forest. Unpublished PhD thesis, University of Southampton.
271		Jahns, Susanne (1992): Untersuchungen über die Vegetationsgeschichte von Süddalmatien und Südgriechenland. Cuvillier Verlag, Göttingen
272		Karpinska-Kolaczek M., Kolaczek P., Heise W., Worobiec G. 2010. Tetraploa aristata Berkeley & Broome (Fungi, Pleosporales), a new taxon to Poland. Acta Societatis Botanicorum Poloniae 79(3): 239-244.
273		Kolaczek P., Karpinska-Kolaczek M., Piatek M., Heise W., Ejsmond M.J. Towards better planning of pollen-vegetation relationship analysis. How to determine an optimal number of plots? Submitted to Review of Palaeobotany and Palynology - before the first revision.
274		Pardoe et al. 2010. Veget Hist Archaeobot 19, 271-283.
275		Kolaczek P. 2010. The development of Late Glacial and Holocene vegetation and human impact near Grodzisko Nowe in the Lower San Valley (Sandomierz Basin, Poland SE). Acta Palaeobotanica 50(2):101-117.
276		Kolaczek P. (submitted to Studia Quaternaria, after minor revision).12 millennia of climatic and human induced vegetation changes in the Lower San Valley near Jaros?aw (SE Poland) in the light of pollen analysis
277		Margielewski W., Kolaczek P., Michczynski A., Obidowicz A., Pazdur A. 2011. Record of the Meso-and Neoholocene palaeoenvironmental changes in the Jesionowa landslide peat bog (Beskid S?decki Mts., Polish Outer Carpathians). Geochronometria 38(2): 138-154.
278		Kolaczek P., Fialkiewicz-Kozie? B., Karpinska-Kolaczek M., Galka M. 2010. The last two millennia of vegetation development and human activity in the Orawa-Nowy Targ Basin (southern Poland). Acta Paleaeobotanica 50(2): 133-148
279		Klapyta P., Kolaczek P., 2009. The last millennium processes and anthropogenic activity recorded in the sediments from the Pysznianska glade, Western Tatra Mts. (Poland). Studia Geomorphologica Carpatho-Balcanica 43: 145-163.
280		Szymczyk A. (waits for the first review from Journal of Paleolimnology) Representation of contemporary vegetation of a small and shallow reservoir in assemblages of carpological remains.
281		Kuehl N, Moschen R, Wagner S, Brewer S, Peyron O. 2010. A multiproxy record of Late Holocene natural and anthropogenic environmental change from the Sphagnum peat bog Durres Maar, Germany: implications for quantitative climate reconstructions based on pollen. Journal of Quaternary Science, 25: 675-688.
282		Kuehl N. 1998. Pollenanalytische Untersuchungen zur Vegetations- und Siedlungsgeschichte in einem Kesselmoor bei Drangstedt, Ldkr. Cuxhaven. Probleme der Kustenforschung im sudlichen Nordseegebiet, 25: 303-324.
283		Pelankova, B. & Chytry, M. (2009) Surface pollen-vegetation relationships in the forest-steppe, taiga and tundra landscapes of the Russian Altai Mountains. Review of Palaeobotany and Palynology, 157, 253-265.
284		Pelankova, B., Kunes, P., Jankovska, V., Chytry, M., Ermakov, N. & Svobodova-Svitavska, H. (2008) The relationship of modern pollen spectra to vegetation and climate along a steppe-forest-tundra transition in southern Siberia, explored by decision trees. The Holocene, 18, 1259-1271.; Kunes, P., Pelankova, B., Chytry, M., Jankovska, V., Pokorny, P. & Petr, L. (2008) Interpretation of the last-glacial vegetation of eastern-central Europe using modern analogues from southern Siberia. Journal of Biogeography, 35, 2223-2236.
285		Lapteva E. Subfossil pollen spectra and their relation to modern vegetation on the Ural Mountains, Russia // Volume of abstracts. 8th European Palaeobotany-Palynology Conference (6-10 July, 2010, Budapest, Hungary). Budatest, 2010. P. 150.
286		Jankovska V. Composition of poolen spectra from surface samples produced by present-day vegetation of boreal zone Eastern from Polar Ural Mts. Russia // Pollen monitoring programme. 6th International meeting, volume of abstracts, 3rd-9th June 2007 Jurmala, Latvia. Riga, 2007. P. 29-31.
287		Kazanci, N., Gulbabazadeh, T., Leroy, S. and Ileri, O.,2004. Sedimentary and environmental characteristics of the Gilan-Mazenderan plain, northern Iran: influence of long- and short-term Caspian water level fluctuations on geomorphology. Journal of Marine Systems 46, 145-168.
288		Kazanci, N., Gulbabazadeh, T., Leroy, S. and Ileri, O.,2004. Sedimentary and environmental  characteristics of the Gilan-Mazenderan plain, northern Iran: influence of long- and short-term  Caspian water level fluctuations on geomorphology. Journal of Marine Systems 46, 145-168.
289		Leroy S.A.G., Lahijani H.A.K., Djamali M., Naqinezhad A., Moghadam M.V., Arpe K., Shah-Hosseini M., Hosseindoust M., Miller Ch.S., Tavakoli V., Habibi P., Naderi M., 2011. Late Little Ice Age palaeoenvironmental records from the Anzali and Amirkola lagoons (south Caspian Sea): vegetation and sea level changes. Palaeogeography, Palaeoclimatology, Palaeoecology 302, 415-434.
290		Leroy S.A.G., Boyraz S. and Guerbuez A., 2009. High-resolution palynological analysis in Lake Sapanca as a tool to detect earthquakes on the North Anatolian Fault. Quaternary Science Reviews 28: 2616- 2632.
291		Mazier, F., Brostrom, A., Gaillard, M.-J., Sugita, S., Vittoz, P. and Buttler, A. 2008: Pollen productivity estimates and relevant source area of pollen for selected plant taxa in a pasture woodland landscape of the Jura Mountains (Switzerland). Vegetation History and Archaeobotany 17: 479-495.
292	10.1016/j.revpalbo.2011.06.008	Meltsov, V., Poska, A., Odgaard, B.V., Sammul, M., Kull, T. 2011. Palynological richness and pollen sample evenness in relation to local floristic diversity in southern Estonia, Review of Palaeobotany and Palynology 166: 344-35
293		Guilizzoni P, Oldfield F (eds) (1996) Special volume: Palaeoenvironmental Analysis of Italian Crater Lake and Adriatic Sediments (PALICLAS). Mem Ist Ital Idrobiol 55.
294		Mercuri A.M., Accorsi C.A., Bandini Mazzanti M., Bosi G., Terranova F., Torri P., Trevisan Grandi G., Montecchi M.C., Olmi L.-2006-The greek-roman theatre of Taormina: pollen and microanthracological data for the proposal of an  historical green park . -In: J.P. Morel, Tresserras J. and Matalama J.C. (Eds.), The Archaeology of Crop Fields and Gardens, ISBN: (10) 88-7228-482-1-Centro Studi Europei per I Beni Culturali, Ravello, Edipuglia: 161-174
295		"Accorsi C.A., Cremaschi M., Mercuri A.M.-1996-Qualche dato sul paesaggio dell  accampamento paleolitico di Isernia (Molise, Italia Centrale): dati litostratigrafici e spettri pollinici della serie ""Isernia - Fiume Cavaliere"".-In: Peretto C. (ed.)  I reperti paleontologici del giacimento paleolitico di Isernia La Pineta. L uomo e l ambiente , ISBN 885160004X-Iannone, Isernia: 7-23"
296		Mercuri A.M., Accorsi C.A., Bandini Mazzanti M., Bosi G., Trevisan Grandi G.-2007-Il paesaggio vegetale di Jure Vetere prima e durante la vita del monastero medievale sulla base dei primi dati pollinici. -In: C.D. Fonseca, D. Roubis, F. Sogliano (a cura), Jure Vetere. Ricerche archeologiche nella prima fondazione monastica di Gioacchino da Fiore (indagini 2001-2005), ISBN 978-88-498-1845-1-Rubbettino editore, Soneria Mannelli (CZ), pp. 269-287. Roubis D., Sogliani F., Mercuri A.M.,, Accorsi C.A., Bandini Mazzanti M., Bosi G., Florenzano A., Massamba N siala I.-2009-Exploiting a monastic territory: a multi-disciplinary approach using GIS and pollen analysis to study the evolution of medieval landscape of the Jure Vetere monastery (Calabria - Italy). -In: J.Paul Morel and A.M.Mercuri (Eds.), Plants and Culture: seeds of the cultural heritage of Europe. ISBN 978-88-7228-574-9-Bari, Edipuglia: 107-120 (www.plants-culture.unimore.it/book.htm). Roubis D., Sogliani F., Lazzari M., Mercuri A.M.-2008-Climate, Geoarchaeological and Bioarchaeological practices, Landscape Archaeology. Data to evaluate the use and the transformation of a monastic site (Jure Vetere, Italy). -In: Landscape Evolution and Geoarchaeology, Geoarch 2008, Proc.13th Belgium, France, Italy, Romania Geomorphological Meeting, Porto Heli, Greece (June 2008), Bulletin of the Geological Society of Greece, XLII-II: 49-60.
297		Miras, Y. (2004). L analyse pollinique du plateau de Millevaches (Massif central, France) et de sites peripheriques limousins et auvergnats : approche des paleoenvironnements, des systemes agropastoraux et evolution des territoires ruraux. Thesis, University of Franche-Comte, Besancon, France; Miras Y. (2009) L etude des relations entre vegetation et pluie pollinique actuelle sur le plateau de Millevaches (Limousin, France): outil pour une meilleure caracterisation pollenanalytique des formes paysageres et des pratiques agrosylvopastorales. Revue des Sciences Naturelles d Auvergne, 73, 71-105.
298		Naughton, F., Sanchez Goni, M.F., Desprat, S., Turon, J.-L., Duprat, J., Malaize, B., Joly, C., Cortijo, E., Drago T. and Freitas, M.C., 2007. Present-day and past (last 25 000 years) marine pollen signal off western Iberia. Marine Micropaleontology 62, 91-114.
299		Nielsen, A.B. and Odgaard, B.V. (2010): Quantitative landscape dynamics in Denmark through the last three millennia based on the Landscape Reconstruction Algorithm approach. Vegetation History and Archaeobotany 19, 375-387
300		E.Y. Novenko (Ed.) Forest ecosystem dynamics of the south of Valdai Hills in the late Pleistocene and Holocene. Moscow, GEOS, 2011. 112 p.
301	10.1016/j.quaint.2011.01.015	Borisova O.K., Novenko E.Yu., Zelikson E.M., Kremenetski K.V. (2011). Lateglacial and Holocene vegetational and climatic changes in the southern taiga zone of West Siberia according to pollen records from Zhukovskoye peat mire. Quaternary International. Vol. 237, pp. 65-73.
302		Nielsen, A.B., Giesecke, T., Theuerkauf, M., Feeser, I, Odgaard, B.V. Rasmussen, P, and others (in prep.) A pollen based quantitative reconstruction of regional vegetation in North Germany and Denmark.
303		Ortu, E., de Beaulieu, J.L., Caramiello, R. and Siniscalco, C., 2008a. Late Glacial and Holocene vegetation dynamics at various altitudes in the Ellero Valley, Maritime Alps, northwestern Italy. Ecoscience, 15(2): 200-212.
304		Ortu et al., 2010. Elevation-induced variations of pollen assemblages in the North-western Alps: An analysis of their value as temperature indicators. Comptes Rendus Biologies 333, 825-835.
305		Beaulieu de JL. 1977. Contribution pollenanalytique a l histoire Tardiglaciaire et holocene de la vegetation des Alpes meridionales francaises. These es sciences, Universite d Aix-Marseille III.
306		Overballe-Petersen, M.V. (2011): Long-term succession and anthropogenic influence in a Danish temperate deciduous forest. PhD Thesis, Forest & Landscape, Faculty of Life Sciences, University of Copenhagen, Denmark.
307		Pardoe, H.S. (2006) Surface pollen deposition on glacier forelands in southern Norway I: local patterns of representation and source area at Storbreen, Jotunheimen. The Holocene, 16, 1149-1161.
308		Pardoe, H.S. (1996) Micro-scale patterns of modern pollen deposition within three alpine plant communities. New Phytologist, 132, 327-341.
336		Schönfelder, I., T. Giesecke, J. Gelbrecht, and C.E.W. Steinberg. 2000. Paleolimnological investigations on Late Glacial and Holocene sediments of lake Großer Treppelsee (Brandenburg). Jahresforschungsbercht des IGB 1999, Helft 10 :171-184.
309		Pardoe, H.S., Giesecke, T. , van der Knaap, W.O., Svitavska-Svobodova, H., Kvavadze, E.V., Panajiotidis, S., Gerasimidis, A., Pidek, I.A., Zimny, M., Swieta-Musznicka, J., Latalowa, M., Noryskiewicz, A.M., Bozilova, E., Tonkov, S., Filipova-Marinova, M.V., van Leeuwen, J.F.N., and Kalnina, L.: Comparing pollen spectra from modified Tauber traps and moss samples: examples from a selection of woodlands across Europe. Vegetation History and Archaeobotany 19, 271-283 (2010)
310		DAI PRA G., GIARDINI M., 2001. Cenni geomorfologici, litologia e analisi pollinica dei sedimenti olocenici dell antico lago di Agordo (Dolomiti orientali). Il Quaternario, 14(2): 187-198.
311		Ramrath A., Sadori L., Negendank J.F.W., 2000. Sediments from Lago di Mezzano, central Italy: a record of Late Glacial/Holocene climatic variations and anthropogenic impact. The Holocene, 10: 87-95. Sadori L., Jahns S., Peyron O., 2011. Mid-Holocene vegetation history of the central Mediterranean. The Holocene 21: 117-129.
312		Sadori L., Narcisi B., 2001. The postglacial record of environmental history from Lago di Pergusa (Sicily). The Holocene, 11: 655-671. Perez-Obiol R., Sadori L., 2007. Similarities and dissimilarities, synchronisms and diachronisms in the Holocene vegetation history of the Balearic Islands and Sicily. Vegetation History and Archaeobotany, 16: 259-265. Sadori L., Jahns S., Peyron O., 2011. Mid-Holocene vegetation history of the central Mediterranean. The Holocene 21: 117-129.
313		Giardini M., 1995. Studio palinologico sugli indicatori paleoclimatici ed antropici dell area romana. CNR fellowship (Bando no 205.13.11 - Codice no 13.00.14), final report (unpublished).
314		SADORI L., GIARDINI M., VAN WELDEN A., ZANCHETTA G., 2008. New palaeoenvironmental data from the Adriatic coast of the Balkan peninsula. Joint 12th International Palynological Congress and 8th International Organisation of Palaeobotany Conference, Bonn, August 30 - September 5, 2008. Terra Nostra, 2008/2: 242.
315		O.Volkova, E.Severova, M.Nosova A comparison of modern pollen rain collected by different methods in Central European Russia/ IN Poska A., Pidek I.A., Kihno K. (eds) Pollen Monitoring Programm VIII International Meeting 20-22 May 20111, Tartu, Estonia. P. 77-79.
316		Shaw, H & Tipping, R. (2006) Recent pine woodland stability and disturbance: high spatial resolution paleoecological approaches in east Glen Affric, Northern Scotland. Forestry 79: 331-340
317		Shaw H. & Whyte I. (2010) Land management and biodiversity through time in upper Ribblesdale, North Yorkshire, UK: Understanding the impact of traditional management. Landscape Archaeology and Ecology Review - End of Tradition: Volume 8 (1) and (2). Sept 2010
318		Swieta-Musznicka J. 2007. Palinologiczne spektra powierzchniowe osadow dennych trzech jezior w polnocnej Polsce. Studia Limnologia et Telmatologica 1(2): 147-156, Wydawnictwo Bogucki, Poznan. (in polish)
319	10.1007/s00334-010-0258-y	Pardoe HS, Giesecke T, Van der Knaap WO, Svitavská-Svobodová H, Kvavadze EV, Panajiotidis S, Gerasimidis A, Pidek IA, Zimny M, Święta-Musznicka J, Latałowa M, Noryśkiewicz AM, Bozilova E, Tonkov S, Filipova-Marinova MV, Van Leeuwen JFN, Kalnina L (2010) Comparing pollen spectra from modified Tauber traps and moss samples: examples from a selection of woodlands across Europe. Veget Hist Archaeobot 19:271–283
320		Theuerkauf, M., Kuparinen, A. & Joosten, H. (subm. with The Holocene) Pollen productivity estimates strongly depend on assumed pollen dispersal
321		Tonkov, S., E. Bozilova, D. Pavlova, E. Kozuharova. 2000. Surface pollen samples from the valley of the Rilska Reka river, Central Rila Mts. (Southwestern Bulgaria). - Annual Sofia University, Fac. Biol., 91, 2, 63-74.Тonkov, S. 2007. Palaeobotanical and palaeoecological investigation on the postglacial vegetation history in south-western Bulgaria. DSc Thesis (unpublished). Sofia University.
322		Tonkov, S. 2002. Surface moss pollen samples from communities of spruce (Picea abies (L.) Karst.) in the northwestern Rila Mts. - In: Proceedings VIth National Botanical Conference-Sofia 2001. (ed. D. Temniskova). St. Kl. Ohridski Univ Press. Sofia, pp. 147-151. (in Bulgarian)
323		Tonkov, S., E. Bozilova, D. Pavlova. 2004. Pollen monitoring in the Northwestern Rila Mountains, Southwestern Bulgaria. - In: Proceedings of the 2nd Congress of Ecologists of the Republic of Macedonia with International Participation, 25-29.10.2003, Ohrid. Special issue of Macedonian Ecological Society, vol. 6. Skopje, 53-56. Тonkov, S. 2007. Palaeobotanical and palaeoecological investigation on the postglacial vegetation history in south-western Bulgaria. DSc Thesis (unpublished). Sofia University.
324		Bozilova, E., S. Tonkov. 2000. Pollen from Lake Sedmo Rilsko reveals southeast European postglacial vegetation in the highest mountain area of the Balkans. - New Phytologist, 148, 315-325.
325		Tonkov, S., E. Bozilova, G. Possnert, A. Velcev. 2008. A contribution to the postglacial vegetation history of the Rila Mountains, Bulgaria: the pollen record of Lake Trilistnika. - Quaternary International, 190, 58-70.
326		Тonkov, S. 2007. Palaeobotanical and palaeoecological investigation on the postglacial vegetation history in south-western Bulgaria. DSc Thesis (unpublished). Sofia University.
327		Tonkov, S., H. Panovska, G. Possnert, E. Bozilova. 2002. The Holocene vegetation history in the Northern Pirin Mountain, southwestern Bulgaria: pollen analysis and radiocarbon dating of core from Lake Ribno Banderishko. - The Holocene, 12 (2), 201-210.
328		Bozilova, E., H. Jungner, J. Atanassova, S. Tonkov. 2004. A contribution to the Late Holocene vegetation history of the Northern Pirin Mountains, southwestern Bulgaria: palynological study and radiocarbon dating of Lake Muratovo. - Acta Palaeobotanica, 44 (2), 239-247.
329		Ralska-Jasiewiczowa, M., K. Rózanski, K. Harmata, B. Noryskiewicz, and D. Wcislo. 1985. Palynological and Isotope studies on carbonate sediments from Polish Lakes - preliminary results. IV Int. Symposium on Palaeolimnology 2 -7.09.1985. Ossiach, Carinthia
330		Jankovská, V., P. Kunes, and W.O. van der Knaap. 2007. 1. Flaje-Kiefern (Krusne Hory Mountains): Late Glacial and Holocene vegetation development. Grana, 46(3):214-216.
331		Hicks, S. 1972. The impact of man on the East Moor of Derbyshire from Mesolithic times. The Archaeological Journal Vol. 129:1-21.
332		Rösch, M. 1993. Prehistoric land use as recorded in a lake- shore core at Lake Constance. Veget. Hist. Archaeobot. 2:213 -232.
333		Rösch, M. 1995. Gescichte des Nussbaumer Sees aus Botanish- ökologischer Sicht. In: A. Schläfli, Naturmonographie Die Nussbaumer Seen. Mitt. Thurgau. Naturforsch. Ges. 53/ Schriftenreihe der Kartause Ittingen 5:43-59.
334		Giesecke, T., and S. Fontana. 2008. Revisting pollen accumulation rate estimates from lake sediments. Holocene 18:293-304.
335		Giesecke, T. 2005. Holocene dynamics of the southern boreal forest in Sweden. The Holocene, 15:858-872.
337		Ortu, E., O. Peyron, A. Bordon, J.-L. de Beaulieu, C. Siniscalco, and R. Caramiello. 2008. Lateglacial and Holcene climate oscillations in the South-western Alps: An attempt quantitative reconstruction. Quaternary International 190: 71-88.
338		Appleby, P.G. 1998b. Report on the radiometric dating of two peat cores from Älbi Flue and Aletschwald, Switzerland (unpublished).
339		Welten, M. 1982. Vegetationsgeschichtliche Untersuchungen in den westlichen Schweizer Alpen: Bern-Wallis. Denkschriften der Schweizerischen Naturforschenden Gesellschaft, Vol. 95. DSNG 95. Textheft 104 pp., Diagrammheft 37 diagrams.
340		Lotter, A.F., O. Heiri, W. Hofmann, W.O. van der Knaap, J.F.N. van Leeuwen, I.R. Walker, and L. Wick. 2006. Holocene timber-line dynamics at Bachalpsee, a lake at 2265 m a.s.l. in the northern Swiss Alps. Vegetation History and Archaeobotany 15:295-307.
341		Lotter, A.F., M. Sturm, J.L. Teranes, and B. Wehrli. 1997. Varve formation since 1885 and high-resolution varve analyses in hypertrophic Baldeggersee (Switzerland) Aquatic Sciences 59:304-325.
342		Fankhauser, A. 1995. Pollenanalytische Untersuchungen zur jüngsten Vegetationsgeschichte der Franches Montagnes. Diplomarbeit der Philosophisch-naturwissenschaftlichen Fakultät der Universität Bern, Systematisch-Geobotanisches Institut der Universität Ber
343		Schneebeli, M., M. Küttel, and J. Fäh. 1989. Die dreidimensionale Entwicklung eines Hanghochmoores im Toggenburg, Schweiz. Vierteljahrsschrift der Naturforschenden Gesellschaft in Zürich 134(1):1-32.
344		Tonkov, S., E. Bozilova, and H. Jungner. 2009. 7. Mire Staldza (Southeastern Bulgaria): Late Holocene vegetation history. Grana 48(3):235-237.
345		Ammann, K. 1979. Gletschernahe Vegetation in der Oberaar einst und jetzt - Historische Schwankungen des Oberaargletschers (Grimselpass, 2300 m, Schweiz) und ihr Einfluss auf die heutige Vegetation der Oberaar und einige Ergebnisse bisheriger Pollenanalyse
346		Shotyk, W., A.K. Cheburkin, P.G. Appleby, A. Fankhauser, and J.D. Kramers. 1997. Lead in three peat bog profiles, Jura Mountains, Switzerland: enrichment factors, isotopic composition, and chronology of atmospheric deposition. Water Air and Soil Pollution
347		Hausmann, S., A.F. Lotter, J.F.N. van Leeuwen, C. Ohlendorf, G. Lemcke, E. Grölund, and M. Sturm. 2002. Interactions of climate and land use documented in the varved sediments of Seebergsee in the Swiss Alps. The Holocene 12(3):279-289.
348		Appleby, P.G. 1998. (June 1998 unpubl.). Report on radiometric dating of two peat cores from central and southern Switzerland. Environmental Radioactivity Research Centre, Liverpool.
349		Oeschger, H., M. Welten, U. Eicher, M. Möll, T. Riesen, U. Siegenthaler, S. Wegmüller. 1980. 14C and other parameters during the Youger Dryas cold phase. Radiocarbon 22(2):299- 310.
350		Hüttemann, H., and S. Bortenschlager. 1987. Beiträge zur Vegetationsgeschichte Tirols VI: Riesengebirge, Hohe Tatra - Zillertal, Kühtai.Ber. nat.-med. Verein Innsbruck 74:81-112.
351		Göransson, H. 1991. Vegetation and man around Lake Bjärsjöholmssjön during prehistoric time. Lundqua Report 31.
352		Hadorn, P. 1994. Saint-Blaise/Bains des Dames, 1. Palynologie d un site néolithique et histoire de la végétation des derniers 16000 ans. Neuchâtel. Musée cantonal d archéologie. Archéologie neuchâteloise, 18:1-121.
353		Rybnicková, E. 1974. Die entwicklung der vegetation und flora im sudlichen Teil der Bohmisch-Mahrischen Hohe wahrend des Spatglazials u. Holozans. Vegetace CSSR, Praha A7:1-163.
354		Binka, K., T. Madeyska, B. Marciniak, K. Szeroczynska, and K. Wieckowski. 1988. Bledowo lake (central Poland): history of vegetation and lake development during the last 12kyr. Bull. Acad. Polon. Sci. 36(2):147-158.
355		Feurdean, A., S. Klotz, V. Mosbrugger, and B. Wohlfarth. 2008. Pollen-based quantitative reconstructions of Holocene climate variability in NW Romania. Palaeogeography, Palaeoclimatoligy, Palaeoecology 260:494-504.
356		Björkman, L., A. Feurdean, and B. Wohlfarth. 2003. Late- Glacial and Holocene forest dynamics at Steregoiu in the Gutaiului Mountains, Northwest Romania. Review of Palaeobotany and palynology 124:79-111.
357		Jouffroy-Bapicot, I., M. Pulido, S. Baron, D. Galop, F. Monna, M. Lavoie, A. Ploquin, C. Petit, J.-L. de Beaulieu, and H. Richard. 2007. Environmental impact of early palaeometallurgy: pollen and geochemical analysis. Vegetation History and Archaeobotany
358		Rösch, M. 2009. Zur vorgeschichtlichen Besiedlung und Landnutzung im nördlichen Schwarzwald aufgrund vegetationsgeschichtlicher Untersuchungen in zwei Karseen. [Prehistoric settlement and land use history of the Northern Black Forest as indicated by polle
359		Tessier, B., N. Delsinne, and P. Sorrel. 2010. Holocene sedimentary infilling of a tide-dominated estuary mouth. The example of macrotidal Seine estuary (NW France). Bull. Soc. géol. Fr., t. 181(2):87-98.
360		Bigot, F., G. Fosse, J.P. Lautridou, A. Truffreau, and G. Verron. 1976. Prehistoire de la Normandie. Néolithique et Ages des Métaux Données nouvelles. Direction des Antiquités Préhistoriques de Basse-Normandie, CRDP Caen,93-102.
361		Coutard, S., and M. Clet-Pellerin. 2006. Evolution de la sédimentation et de la végétation pendant l Holocène dans les marais arrière-littoraux du Val de Saire (Cotentin, Normandie). In : L érosion entre Société, Climat et Paléoenvironnements. Géolab-UMR
362		Cheddadi, R., H.F. Lamb, J. Guiot, and S. van der Kaars. 1988. Holocene climatic change in Morocco: a quantitative reconstruction from pollen data. Climate Dynamics 14: 883-890.
363		Szczepanek, K. 2000. The anthropogenic vegetation changes in the region of the Duhkla Pass, the Low Beskids.
364		Tantau, I., M. Reille, J.-L. de Beaulieu, and S. Farcas. 2006. Late Glacial and Holocene vegetation history in the southern part of Transylvania (Romania): pollen analysis of two sequences from Avrig. Journal of Quaternary Science. 21 (1): 49-61.
365		Behre, K.E., 1976. Beginn und Form der Plaggenwirtschaft in Nordwestdeutschland nach pollenanalytishen Untersuchungen in Ostfriesland. Sonderdruck aus: Neue Ausgrabungen und Forschungen in Niedersachsen 10:197-224.
366		Königsson, L.K. 1986. The Fjällnäs project: Natural and cultural components in landscape formation. Pages 177-186 in L.K. Königsson, editor. Nordic Late Quaternary biology and ecology. Uppsala Striae 24.
367		Rybnicková, E., and K. Rybnicek. 1988. Holocene palaeovegetation and palaeoenvironment of the Kamenicska Kotlina basin (Czechoslovakia). Folia Geobotanica and Phytotaxonomica 23:285-301.
368		Elina, G.A., and V. Khomutova. 1987. Correlation of Holocene sequences of bottom sediments from Onega Lake and its old bays in terms of palynological data. Pages 193-203 in M. Kabailene, editor. Methods for the Investigation of Lake Deposits: Palaeoecolog
370		Davydova, N., D. Subetto, and V. Khomutova. 1992. Lake Ilmen [in Russian]. Pages 101-117 in Istoria ozer Vostochno-Evropeiskoi ravniny [The lake history of East-European Plain]. St. Petersburg, Russia.
371		Szczepanek, K. 1989. Type region P-c: Low Beskidy Mountains. Acta Palaeobotanica 29(2):17-23.
372		Segerström, U., I. Renberg, and J.-E. Wallin. 1984. Annual sediment accumulation and land use history; investigations of varved lake sediments. Verh. Internat. Verein. Limnol. 22:1396-1403.
373		Bottema, S. 1982. Palynological investigations in Greece with special reference to pollen as indicator of human activity. Palaeohistoria 24:257-289.
374		Hicks, S. 1992. Modern pollen deposition and its use in interpreting the occupation history of the island Hailuto Finland. Vegetation History and Archaeobotany 1:75-86.
375		Tantau, I., M. Reille, J.-L. de Beaulieu, S. Farcas, T. Goslar, and M. Paterne. 2003. Vegetation history in the Eastern Romanian Carparthians: pollen analysis of the two sequences from the Mohos crater. Veget. Hist. Archaeobot. (2003) 12: 113-125.
376		Hall, V.A. 1993. Landscape development in northeast Ireland over the last half millennium. Review of Palaeobotany and Palynology 82:75-82.
377		Efremov, Yu.V., and E.V. Kvavadze. 1995. History of lakes of mountain range of Northern Asia. Ch. 1 Caucasus. Pages 190-206 in The History of Lakes of Northern Asia. Nauka, Sankt-Peterburg.
378		Tonkov, S., and E. Bozilova. 1992. Pollen analysis of peat bog in Maleshevska mountain (SW Bulgaria). Annual of Sofia University, Faculty of Biology 81(2):11-21.
379		Filipovitch, L. 1988. Vegetation history of the high parts of Vitosha mountain during the Late Postglacial times. Fitologija 34:3-27.
380		Turner, C., and G.E. Hannon. 1988. Vegetational evidence for late Quaternary climate changes in southwest Europe in relation to the influence of the North Atlantic Ocean. Philisophical Transactions of the Royal Society of London Series B 318:451-485.
381		Huntley, B., and H.J.B. Birks. 1979. The past and present vegetation of Morrone Birkwoods National Nature Reseve, Scotland. I. A preliminary phytosociological survey. Journal of Ecology 67:417-446.
382		Hyvärinen, H. 1992. Holocene pine and birch limits near Kilpisjärvi, western finnish lapland: pollen stratigraphical evidence. Ed. Frenzel, B. Special issue ESF project: European palaeoclimate and man. Vol. 9.
383		Panovska, H., E. Bozilova, and S. Tonkov. 1995. A palaeoecological investigation on the vegetaion history in the Southern Pirin Mountains (southwestern Bulgaria). Pages 32-46 in E. Bozilova and S. Tonkov, editors. Advances in Holocene Palaeoecology in Bul
384		Atanassova, J. 1995. Palynological data of three deep water cores from the western part of the Black sea. Pages 68-83 in E. Bozilova and S. Tonkov, editors. Advances in Holocene palaeoecology in Bulgaria. Sofia.
385		Khomutova, V., and G.A. Elina. 1990. Stratigraphy of lake sediments by palynological data [in Russian]. Pages 92-96 in Istoria Ladozhskogo, Onezhskogo, Pskovsko- Chudskogo ozer, Baikala i Khanki [The history of Ladoga, Onego, Pskovsko-Chudskoe, Baikal and
386		Birks, H.H., and R.W. Mathewes. 1978. Studies in the vegetation history of scotland. V. Late Devensian and early Flandrian pollen and macrofossil stratigraphy at Abernethy forest, Inverness-shire. New Phytologist 80:455-484.
387		Obidowicz, A. 1993. Wahania gornej granicy lasu w poznym plejstocenie i holocenie w Tatrach [Fluctuations of the forest timberline in the Tatra Mountains during the last 12 000 years]. Dokumentacja Geograficzna, ed. A. Kotarba, 4-5:31-43.
388		Lotter, A.F. 1988. Past water-level fluctuations at lake Rotsee (Switzerland), evidenced by diatom analysis. Pages 47-55 in U. Miller and A.-M. Robertsson, editors. Proceedings of the Nordic Diatomist Meeting, Stockholm, June 10-12, 1987. University of St
389		Lotter, A.F., U. Eicher, H.J.B. Birks, and U. Siegenthaler. 1992. Late-glacial climatic oscillations as recorded in Swiss lake sediments. Journal of Quaternary Science 7:187-204.
390		Birks, H.J.B., and B.J. Madsen. 1979. Flandrian vegetational history of Little Loch Roag, Isle of Lewis, Scotland. Journal of Ecology 67(3):825-842.
391		Watts, W.A. 1963. Late-glacial pollen zones in western Ireland. Irish Geography 4:367-376.
392		Hicks, S. 1985. Problems and possibilities in correlating historical/archaeological and pollen-analytical evidence in a northern boreal environment: An example from Kuusamo Finland. Fennoscandia Archaeologica 2:51-84.
393		Pantaléon-Cano, J., E.I. Yll, R. Pérez-Obiol, and J.M. Roure. 2003. Palynological evidence for vegetational history in semi-arid areas of the western Mediterranean (Almeria, Spain). The Holocene 13(1):109-119.
394		Zeist, W. van. 1964. A paleobotanical study of some bogs in western Brittany (Finistère), France. Paleohistoria 10:157-180.
395		Noryskiewicz, B., and M. Ralska-Jasiewiczowa. 1989. Type Region P-w: Dobrzyn-Olsztyn Lake Districts. Acta Palaeobotanica 29(2):85-93.
396		Bozilova, E., S. Tonkov, and D. Pavlova. 1986. Pollen and plant macrofossil analyses of the Lake Sucho Ezero in the south Rila mountains. Jn. Annual of Sofia University, Faculty of Biology 80(2):48-57.
397		Elovicheva, Ya.K., and I.I. Bogdel. 1985. Novye razrezy golosena Belarusi [New Holocene sections of Byelorussia]. Pages 141-169 in Geologicheskoe stroenie osadochnoi tolshchi Belorussii [Geological composition of sedimentary sequence of Byelorussia]. Nauk
398		Kvavadze, E.V., L.P. Rukhadze, P.R. Tretyak, and L.V. Petrenko. 1988. The late Holocene paleoecology in the mountains of Abkhazia. Abst. Intern. Confer. The problems of the Holocene. Tbilisi, Metsniereba, p56.
399		Ralska-Jasiewiczowa, M. 1989. Type region P-e: The Bieszczady Mountains. Acta Palaeobotanica 29(2):31-35.
400		Kabailiene, M. 1990. Holocene of Lithuania [in Lithuanian]. Mokslas, Vilnius, Lithuania.
401		Trifonova, I., and N. Davydova. 1983. Diatoms in the plankton and sediments of two lakes of different trophic type [in Russian]. Hidrobiologia 103:265-268.
402		Williams, W. 1976. The Flandrian vegetational history of the Isle of Skye and the Morar Peninsula. Ph.D. Dissertation. University of Cambridge, Cambridge, England, United Kingdom.
403		Rybak, M., J. Rybak, and M. Zadrozna. 1987. Palaeolimnology of a small oligotrophic lake on Wolin Island, Baltic Sea, Poland. Hydrobiologia 146:169-179.
404		Ralska-Jasiewiczowa, M., and M. Latalowa. 1996. Poland. In: B.E. Berglund, H.J.B. Birks, M. Ralska-Jasiewiczowa, and H.E. Wright, Editors. Palaeoecological events during the last 15000 years: regional syntheses of palaeoecological studies of lakes and mir
405		Brauer, A., T. Litt, J.F.W. Negendank, and B. Zolitschka. 2001. Lateglacial varve chronology and biostratigraphy of lakes Holzmaar and Meerfelder Maar, Germany. Boreas, Vol. 30:83-88.
406		Seppä, H., and S. Hicks. 2006. Integration of modern and past pollen accumulation rate (PAR) records across the arctic tree-line: a method for more precise vegetation reconstructions. Quaternary Science Reviews 25:1501-1516.
407		Penalba, M.C. 1994. The history of the Holocene vegetation in northern Spain from pollen analysis. Journal of Ecology 82:815-832.
408		Fogel, G.A., and M.M. Chernavskaya. 1990. Information derived from indirect climatic indicators and methods of quantitative reconstruction. Pages 126-129 in R. Brazdil, editor. Climatic change in the historical and the instrumental periods. Masaryk univer
409		van der Brink, L.M., and C.R. Janssen. 1985. The effect of human activities during cultural phases on the development of montane vegetation in the Serra da Estrela, Portugal. Review of Palaeobotany and Palynology 44:193-215.
410		Gaillard, M.-J., B.E. Berglund, H. Göransson, M. Hjelmroos, E. Kolstrup, and J. Regnéll. 1991. Appendix A. Chronology of the pollen diagrams from the Ystad area. Ecological Bulletins (B.E. Berglund, editor), Copenhagen, 41:489-495.
411		Watts, W.A., J.R.M. Allen, B. Huntley, and S.C. Fritz. 1996. Vegetation history and climate of the last 15,000 years at Laghi di Monticchio, southern Italy. Quaternary Science Reviews 15:113-132.
412		Ralska-Jasiewiczowa, M. 1989. Type Region P-x: Masurian Great Lakes District. Acta Palaeobotanica 29(2):95-100.
413		Gilot, E. 1968. Louvain natural radiocarbon measurements VI. Radiocarbon, Vol. 10:55-60.
414		Petrov, S.I., and L. Filipovitch. 1987. Postglacial changes of the vegetation on the slopes of Sredna Gora mountain. Proceedings Nat. Conf. of Botany (Bulgaria). 339-406.
415		Wegmüller, S., and A.F. Lotter. 1990. Palynostratigraphische Untersuchungen zur spät- und postglazialen Vegetationsgeschichte der nordwestlichen Kalkvoralpen. Botanica Helvetica 100:37-73.
416		Bjune, A.E., J. Bakke, A. Nesje, and H.J.B. Birks. 2004. Holocene mean July temperature and winter precipitation in western Norway inferred from palynological and glaciological lake-sediment proxies. The Holocene 15,2 (2005) 177-189.
417		Shotyk, W. 1997. Atmospheric deposition and geochemical mass balance of major elements and trace elements in tow oceanic blanket bogs, northern Scotland and the Shetland Islands. Chemical Geology 138:55-72.
418		Weiss, D., W. Shotyk, E.A. Boyle, J.D. Kramers, P.G. Appleby, and A.K. Cheburkin. 2002. Comparative study of the temporal evolution of atmospheric lead deposition in Scotland and eastern Canada using blanket peat bogs. The Science of the Total Environment
419		Zachowicz, J., and U. Kepinska. 1987. The paleoecological development of Lake Druzno (Vistula Deltoic Area). Acta Paleobot. 27(1):227-249.
420		Ejarqe, A. 2009. Genesis y configuracion microregional de un paisaje cultural pirenaico de alta montana durante el Holoceno: estudio polinico y de otros indicadores paleoambientales en el valle del Madriu-Perafita-Claror (Andorra). Phd thesis. Rovira i Virgili University, Tarragona. http://tdx.cat/handle/10803/8640
421	10.1007/s00334-007-0100-3	Grant, M.J. and Edwards, M.E. (2008). Conserving Idealized Landscapes: Past History, Public Perception and Future Management. Vegetation History and Archaeobotany, 17, 551-562.
422		Grant, M.J., Hughes, P.D.M. and Barber, K.E. (2009a). Early to mid-Holocene vegetation-fire interactions and responses to climatic change at Cranes Moor, New Forest. In: B. Briant, M. Bates, R.T. Hosfield and F.F. Wenban-Smith (eds.) The Quaternary of the Solent Basin and West Sussex Raised Beaches. QRA, London, 198-214.
423	10.1016/j.revpalbo.2011.07.001	Poska, A., Meltsov, V., Sugita, S., Vassiljev, J. 2011. Relative pollen productivity estimates of major anemophilous taxa and relevant source area of pollen in a cultural landscape of the hemi-boreal forest zone (Estonia). Review Palaeobotany Palynology 167: 30-39
424		Oldfield F, Asioli A, Accorsi CA, Mercuri AM, Juggins S, Langone L, Rolph T, Trincardi F, Wolff G, Gibbs Z, Vigliotti L, Frignani M, van der Post K, Branch N (2003) A high resolution late Holocene palaeo-environmental record from the central Adriatic Sea. Quat Sci Rev 22:319-342.
425	10.1007/s003340200039	Mercuri A.M., Accorsi C.A., Bandini Mazzanti M.-2002-The long history of Cannabis and its cultivation by the Romans in central Italy, shown by pollen records from Lago Albano and Lago di Nemi. Vegetation History and Archaeobotany-11 (4): 263-276.
426		Brugiapaglia et al 1998 Transect de pluie pollinique et e etagement de la vegetation dans le massif du Taillefer (Isere, France). Geographie physique et Quaternaire, 1998, vol. 52, no 2, p. 1- 10
427		ZANCHETTA G., VAN WELDEN A., BANESCHI I., DRYSDALE R., SADORI L., ROBERTS N., GIARDINI M., DALLAI L., 2010. High resolution multiproxy records from the last 4500 yr cal BP from Lake Shkodra (Albania/Montenegro boundary). Geophysical Research Abstracts, vol. 12, EGU2010-5508.
428		"Edwards, M.E. and Grant, M.J. (2011). Long-term perspectives on an iconic landscape: Origins and future trajectories of the ""Ancient and Ornamental Woodland"", New Forest, UK. PAGES News, 19, 2, 51-53"
429		Oldfield F, Dearing JA (2003) The role of human activities in past environmental change. In: Alverson KD, Bradley RS, Pedersen TF (eds) Paleoclimate, Global Change and the Future. IGBP Ser. Springer, Berlin, pp 143-168.
430	10.1177/0959683610377532	Mercuri A.M., Sadori L., Uzquiamo Ollero P.-2011-Mediterranean and north-African cultural adaptations to mid-Holocene environmental and climatic changes. The Holocene -21 (1): 189-206
431		SADORI L., VAN WELDEN A., ZANCHETTA G., BANESCHI I., DRYSDALE R., GIARDINI M., ROBERTS N., 2011. Multi-proxy study of the last 4500 yr cal BP sediment record from Lake Shkodra (Albania/Montenegro boundary). XVIII INQUA-Congress, 21-27 July 2011, Bern, Switzerland.
432		Grant, M.J., Barber, K.E. and Hughes, P.D.M. (2009b). True Ancient Woodland? 10,000 years of continuous woodland cover at Mark Ash Wood, New Forest. In: B. Briant, M. Bates, R.T. Hosfield and F.F. Wenban-Smith (eds.) The Quaternary of the Solent Basin and West Sussex Raised Beaches. QRA, London, 215-233.
433		Mercuri AM, Bandini Mazzanti M, Torri P, Vigliotti L, Bosi G, Florenzano A, Olmi L, Massamba N siala I (in revision) A marine/terrestrial integration for mid-late Holocene vegetation history and the development of the cultural landscape in the Po Valley as a result of human impact and climate change. Veget Hist Archaeobot with updated chronology reported in the excel table of data
